Date,AwayTeam,AwayJersey,HomeTeam,HomeJersey
3/25/26,NYY,,SFG,
3/26/26,PIT,,NYM,
3/26/26,CWS,,MIL,
3/26/26,WSN,,CHC,
3/26/26,MIN,,BAL,
3/26/26,BOS,,CIN,
3/26/26,LAA,,HOU,
3/26/26,DET,,SDP,
3/26/26,TBR,,STL,
3/26/26,TEX,,PHI,
3/26/26,ARI,,LAD,
3/26/26,CLE,,SEA,
3/27/26,NYY,,SFG,
3/27/26,ATH,,TOR,
3/27/26,COL,,MIA,
3/27/26,KC,,ATL,
3/27/26,LAA,,HOU,
3/27/26,DET,,SDP,
3/27/26,CLE,,SEA,
3/27/26,ARI,,LAD,
3/28/26,TBR,,STL,
3/28/26,WSN,,CHC,
3/28/26,ATH,,TOR,
3/28/26,MIN,,BAL,
3/28/26,TEX,,PHI,
3/28/26,BOS,,CIN,
3/28/26,PIT,,NYM,
3/28/26,COL,,MIA,
3/28/26,LAA,,HOU,
3/28/26,CWS,,MIL,
3/28/26,KC,,ATL,
3/28/26,NYY,,SFG,
3/28/26,DET,,SDP,
3/28/26,ARI,,LAD,
3/28/26,CLE,,SEA,
3/29/26,MIN,,BAL,
3/29/26,TEX,,PHI,
3/29/26,KC,,ATL,
3/29/26,ATH,,TOR,
3/29/26,BOS,,CIN,
3/29/26,PIT,,NYM,
3/29/26,COL,,MIA,
3/29/26,LAA,,HOU,
3/29/26,CWS,,MIL,
3/29/26,TBR,,STL,
3/29/26,WSN,,CHC,
3/29/26,CLE,,SEA,
3/30/26,MIN,,KC,
3/30/26,TEX,,BAL,
3/30/26,PIT,,CIN,
3/30/26,WSN,,PHI,
3/30/26,CWS,,MIA,
3/30/26,COL,,TOR,
3/30/26,ATH,,ATL,
3/30/26,LAA,,CHC,
3/30/26,TBR,,MIL,
3/30/26,NYM,,STL,
3/30/26,BOS,,HOU,
3/30/26,SFG,,SDP,
3/30/26,NYY,,SEA,
3/30/26,DET,,ARI,
3/30/26,CLE,,LAD,
3/31/26,TEX,,BAL,
3/31/26,PIT,,CIN,
3/31/26,WSN,,PHI,
3/31/26,CWS,,MIA,
3/31/26,COL,,TOR,
3/31/26,ATH,,ATL,
3/31/26,LAA,,CHC,
3/31/26,TBR,,MIL,
3/31/26,NYM,,STL,
3/31/26,BOS,,HOU,
3/31/26,DET,,ARI,
3/31/26,SFG,,SDP,
3/31/26,NYY,,SEA,
3/31/26,CLE,,LAD,
4/1/26,ATH,,ATL,
4/1/26,TEX,,BAL,
4/1/26,PIT,,CIN,
4/1/26,WSN,,PHI,
4/1/26,COL,,TOR,
4/1/26,CWS,,MIA,
4/1/26,NYM,,STL,
4/1/26,TBR,,MIL,
4/1/26,BOS,,HOU,
4/1/26,LAA,,CHC,
4/1/26,DET,,ARI,
4/1/26,SFG,,SDP,
4/1/26,NYY,,SEA,
4/1/26,MIN,,KC,
4/1/26,CLE,,LAD,
4/2/26,MIN,,KC,
4/2/26,ATL,,ARI,
4/2/26,NYM,,SFG,
4/2/26,TOR,,CWS,
4/3/26,LAD,,WSN,
4/3/26,STL,,DET,
4/3/26,MIA,,NYY,
4/3/26,SDP,,BOS,
4/3/26,TOR,,CWS,
4/3/26,CIN,,TEX,
4/3/26,CHC,,CLE,
4/3/26,TBR,,MIN,
4/3/26,PHI,,COL,
4/3/26,BAL,,PIT,
4/3/26,SEA,,LAA,
4/3/26,HOU,,ATH,
4/3/26,ATL,,ARI,
4/3/26,NYM,,SFG,
4/3/26,MIL,,KC,
4/4/26,STL,,DET,
4/4/26,TOR,,CWS,
4/4/26,MIL,,KC,
4/4/26,MIL,,KC,
4/4/26,LAD,,WSN,
4/4/26,HOU,,ATH,
4/4/26,BAL,,PIT,
4/4/26,SDP,,BOS,
4/4/26,CIN,,TEX,
4/4/26,MIA,,NYY,
4/4/26,TBR,,MIN,
4/4/26,ATL,,ARI,
4/4/26,PHI,,COL,
4/4/26,NYM,,SFG,
4/4/26,SEA,,LAA,
4/4/26,CHC,,CLE,
4/5/26,CHC,,CLE,
4/5/26,CHC,,CLE,
4/5/26,LAD,,WSN,
4/5/26,BAL,,PIT,
4/5/26,SDP,,BOS,
4/5/26,MIA,,NYY,
4/5/26,TBR,,MIN,
4/5/26,TOR,,CWS,
4/5/26,MIL,,KC,
4/5/26,CIN,,TEX,
4/5/26,PHI,,COL,
4/5/26,HOU,,ATH,
4/5/26,NYM,,SFG,
4/5/26,SEA,,LAA,
4/5/26,ATL,,ARI,
4/5/26,STL,,DET,
4/6/26,CHC,,TBR,
4/6/26,KC,,CLE,
4/6/26,SDP,,PIT,
4/6/26,CIN,,MIA,
4/6/26,STL,,WSN,
4/6/26,MIL,,BOS,
4/6/26,LAD,,TOR,
4/6/26,DET,,MIN,
4/6/26,BAL,,CWS,
4/6/26,SEA,,TEX,
4/6/26,HOU,,COL,
4/6/26,ATL,,LAA,
4/6/26,PHI,,SFG,
4/7/26,KC,,CLE,
4/7/26,BAL,,CWS,
4/7/26,ARI,,NYM,
4/7/26,SDP,,PIT,
4/7/26,CHC,,TBR,
4/7/26,CIN,,MIA,
4/7/26,STL,,WSN,
4/7/26,MIL,,BOS,
4/7/26,ATH,,NYY,
4/7/26,LAD,,TOR,
4/7/26,DET,,MIN,
4/7/26,SEA,,TEX,
4/7/26,HOU,,COL,
4/7/26,ATL,,LAA,
4/7/26,PHI,,SFG,
4/8/26,SDP,,PIT,
4/8/26,KC,,CLE,
4/8/26,MIL,,BOS,
4/8/26,BAL,,CWS,
4/8/26,SEA,,TEX,
4/8/26,LAD,,TOR,
4/8/26,HOU,,COL,
4/8/26,PHI,,SFG,
4/8/26,STL,,WSN,
4/8/26,ATL,,LAA,
4/8/26,ARI,,NYM,
4/8/26,CHC,,TBR,
4/8/26,CIN,,MIA,
4/8/26,ATH,,NYY,
4/8/26,DET,,MIN,
4/9/26,CIN,,MIA,
4/9/26,ATH,,NYY,
4/9/26,DET,,MIN,
4/9/26,ARI,,NYM,
4/9/26,CWS,,KC,
4/9/26,COL,,SDP,
4/10/26,PIT,,CHC,
4/10/26,ARI,,PHI,
4/10/26,MIA,,DET,
4/10/26,LAA,,CIN,
4/10/26,MIN,,TOR,
4/10/26,ATH,,NYM,
4/10/26,NYY,,TBR,
4/10/26,SFG,,BAL,
4/10/26,CLE,,ATL,
4/10/26,CWS,,KC,
4/10/26,WSN,,MIL,
4/10/26,BOS,,STL,
4/10/26,COL,,SDP,
4/10/26,HOU,,SEA,
4/10/26,TEX,,LAD,
4/11/26,ARI,,PHI,
4/11/26,MIA,,DET,
4/11/26,PIT,,CHC,
4/11/26,MIN,,TOR,
4/11/26,LAA,,CIN,
4/11/26,ATH,,NYM,
4/11/26,CWS,,KC,
4/11/26,NYY,,TBR,
4/11/26,WSN,,MIL,
4/11/26,SFG,,BAL,
4/11/26,BOS,,STL,
4/11/26,CLE,,ATL,
4/11/26,COL,,SDP,
4/11/26,TEX,,LAD,
4/11/26,HOU,,SEA,
4/12/26,SFG,,BAL,
4/12/26,ARI,,PHI,
4/12/26,MIN,,TOR,
4/12/26,LAA,,CIN,
4/12/26,ATH,,NYM,
4/12/26,MIA,,DET,
4/12/26,NYY,,TBR,
4/12/26,CWS,,KC,
4/12/26,WSN,,MIL,
4/12/26,BOS,,STL,
4/12/26,PIT,,CHC,
4/12/26,COL,,SDP,
4/12/26,HOU,,SEA,
4/12/26,TEX,,LAD,
4/12/26,CLE,,ATL,
4/13/26,HOU,,SEA,
4/13/26,ARI,,BAL,
4/13/26,WSN,,PIT,
4/13/26,CHC,,PHI,
4/13/26,LAA,,NYY,
4/13/26,MIA,,ATL,
4/13/26,BOS,,MIN,
4/13/26,CLE,,STL,
4/13/26,TEX,,ATH,
4/13/26,NYM,,LAD,
4/14/26,ARI,,BAL,
4/14/26,KC,,DET,
4/14/26,WSN,,PIT,
4/14/26,SFG,,CIN,
4/14/26,CHC,,PHI,
4/14/26,LAA,,NYY,
4/14/26,MIA,,ATL,
4/14/26,BOS,,MIN,
4/14/26,TBR,,CWS,
4/14/26,TOR,,MIL,
4/14/26,CLE,,STL,
4/14/26,COL,,HOU,
4/14/26,SEA,,SDP,
4/14/26,TEX,,ATH,
4/14/26,NYM,,LAD,
4/15/26,ARI,,BAL,
4/15/26,CLE,,STL,
4/15/26,BOS,,MIN,
4/15/26,KC,,DET,
4/15/26,WSN,,PIT,
4/15/26,SFG,,CIN,
4/15/26,CHC,,PHI,
4/15/26,LAA,,NYY,
4/15/26,MIA,,ATL,
4/15/26,TBR,,CWS,
4/15/26,TOR,,MIL,
4/15/26,COL,,HOU,
4/15/26,SEA,,SDP,
4/15/26,TEX,,ATH,
4/15/26,NYM,,LAD,
4/16/26,WSN,,PIT,
4/16/26,SFG,,CIN,
4/16/26,KC,,DET,
4/16/26,LAA,,NYY,
4/16/26,TOR,,MIL,
4/16/26,TBR,,CWS,
4/16/26,TEX,,ATH,
4/16/26,BAL,,CLE,
4/16/26,COL,,HOU,
4/16/26,SEA,,SDP,
4/17/26,NYM,,CHC,
4/17/26,BAL,,CLE,
4/17/26,ATL,,PHI,
4/17/26,SFG,,WSN,
4/17/26,TBR,,PIT,
4/17/26,KC,,NYY,
4/17/26,MIL,,MIA,
4/17/26,DET,,BOS,
4/17/26,STL,,HOU,
4/17/26,CIN,,MIN,
4/17/26,LAD,,COL,
4/17/26,SDP,,LAA,
4/17/26,TEX,,SEA,
4/17/26,TOR,,ARI,
4/17/26,CWS,,ATH,
4/18/26,KC,,NYY,
4/18/26,CIN,,MIN,
4/18/26,NYM,,CHC,
4/18/26,TBR,,PIT,
4/18/26,SFG,,WSN,
4/18/26,CWS,,ATH,
4/18/26,DET,,BOS,
4/18/26,MIL,,MIA,
4/18/26,BAL,,CLE,
4/18/26,STL,,HOU,
4/18/26,TEX,,SEA,
4/18/26,ATL,,PHI,
4/18/26,LAD,,COL,
4/18/26,TOR,,ARI,
4/18/26,SDP,,LAA,
4/19/26,SFG,,WSN,
4/19/26,TBR,,PIT,
4/19/26,KC,,NYY,
4/19/26,BAL,,CLE,
4/19/26,MIL,,MIA,
4/19/26,STL,,HOU,
4/19/26,CIN,,MIN,
4/19/26,NYM,,CHC,
4/19/26,LAD,,COL,
4/19/26,CWS,,ATH,
4/19/26,SDP,,LAA,
4/19/26,TEX,,SEA,
4/19/26,TOR,,ARI,
4/19/26,DET,,BOS,
4/19/26,ATL,,PHI,
4/20/26,DET,,BOS,
4/20/26,HOU,,CLE,
4/20/26,CIN,,TBR,
4/20/26,STL,,MIA,
4/20/26,ATL,,WSN,
4/20/26,BAL,,KC,
4/20/26,PHI,,CHC,
4/20/26,LAD,,COL,
4/20/26,TOR,,LAA,
4/20/26,ATH,,SEA,
4/21/26,HOU,,CLE,
4/21/26,CIN,,TBR,
4/21/26,STL,,MIA,
4/21/26,MIL,,DET,
4/21/26,ATL,,WSN,
4/21/26,NYY,,BOS,
4/21/26,MIN,,NYM,
4/21/26,BAL,,KC,
4/21/26,PHI,,CHC,
4/21/26,PIT,,TEX,
4/21/26,SDP,,COL,
4/21/26,TOR,,LAA,
4/21/26,ATH,,SEA,
4/21/26,CWS,,ARI,
4/21/26,LAD,,SFG,
4/22/26,STL,,MIA,
4/22/26,HOU,,CLE,
4/22/26,CIN,,TBR,
4/22/26,BAL,,KC,
4/22/26,TOR,,LAA,
4/22/26,ATH,,SEA,
4/22/26,MIL,,DET,
4/22/26,ATL,,WSN,
4/22/26,NYY,,BOS,
4/22/26,MIN,,NYM,
4/22/26,PHI,,CHC,
4/22/26,PIT,,TEX,
4/22/26,SDP,,COL,
4/22/26,CWS,,ARI,
4/22/26,LAD,,SFG,
4/23/26,ATL,,WSN,
4/23/26,MIL,,DET,
4/23/26,PHI,,CHC,
4/23/26,SDP,,COL,
4/23/26,CWS,,ARI,
4/23/26,LAD,,SFG,
4/23/26,NYY,,BOS,
4/23/26,MIN,,NYM,
4/23/26,PIT,,TEX,
4/24/26,DET,,CIN,
4/24/26,BOS,,BAL,
4/24/26,CLE,,TOR,
4/24/26,COL,,NYM,
4/24/26,MIN,,TBR,
4/24/26,PHI,,ATL,
4/24/26,LAA,,KC,
4/24/26,WSN,,CWS,
4/24/26,PIT,,MIL,
4/24/26,ATH,,TEX,
4/24/26,NYY,,HOU,
4/24/26,SEA,,STL,
4/24/26,CHC,,LAD,
4/24/26,MIA,,SFG,
4/25/26,BOS,,BAL,
4/25/26,SEA,,STL,
4/25/26,CLE,,TOR,
4/25/26,MIA,,SFG,
4/25/26,MIN,,TBR,
4/25/26,WSN,,CWS,
4/25/26,SDP,,ARI,
4/25/26,ATH,,TEX,
4/25/26,LAA,,KC,
4/25/26,NYY,,HOU,
4/25/26,PIT,,MIL,
4/25/26,DET,,CIN,
4/25/26,CHC,,LAD,
4/25/26,PHI,,ATL,
4/25/26,COL,,NYM,
4/26/26,BOS,,BAL,
4/26/26,PHI,,ATL,
4/26/26,CLE,,TOR,
4/26/26,DET,,CIN,
4/26/26,COL,,NYM,
4/26/26,COL,,NYM,
4/26/26,MIN,,TBR,
4/26/26,WSN,,CWS,
4/26/26,NYY,,HOU,
4/26/26,PIT,,MIL,
4/26/26,SEA,,STL,
4/26/26,ATH,,TEX,
4/26/26,SDP,,ARI,
4/26/26,MIA,,SFG,
4/26/26,LAA,,KC,
4/26/26,CHC,,LAD,
4/27/26,TBR,,CLE,
4/27/26,STL,,PIT,
4/27/26,BOS,,TOR,
4/27/26,SEA,,MIN,
4/27/26,LAA,,CWS,
4/27/26,NYY,,TEX,
4/27/26,CHC,,SDP,
4/27/26,MIA,,LAD,
4/28/26,TBR,,CLE,
4/28/26,HOU,,BAL,
4/28/26,COL,,CIN,
4/28/26,STL,,PIT,
4/28/26,SFG,,PHI,
4/28/26,BOS,,TOR,
4/28/26,WSN,,NYM,
4/28/26,DET,,ATL,
4/28/26,SEA,,MIN,
4/28/26,LAA,,CWS,
4/28/26,ARI,,MIL,
4/28/26,NYY,,TEX,
4/28/26,KC,,ATH,
4/28/26,CHC,,SDP,
4/28/26,MIA,,LAD,
4/29/26,TBR,,CLE,
4/29/26,LAA,,CWS,
4/29/26,SEA,,MIN,
4/29/26,NYY,,TEX,
4/29/26,BOS,,TOR,
4/29/26,MIA,,LAD,
4/29/26,CHC,,SDP,
4/29/26,COL,,CIN,
4/29/26,STL,,PIT,
4/29/26,WSN,,NYM,
4/29/26,DET,,ATL,
4/29/26,ARI,,MIL,
4/29/26,KC,,ATH,
4/29/26,SFG,,PHI,
4/29/26,HOU,,BAL,
4/30/26,DET,,ATL,
4/30/26,HOU,,BAL,
4/30/26,HOU,,BAL,
4/30/26,STL,,PIT,
4/30/26,SFG,,PHI,
4/30/26,SFG,,PHI,
4/30/26,COL,,CIN,
4/30/26,WSN,,NYM,
4/30/26,ARI,,MIL,
4/30/26,KC,,ATH,
4/30/26,TOR,,MIN,
5/1/26,ARI,,CHC,
5/1/26,TEX,,DET,
5/1/26,CIN,,PIT,
5/1/26,MIL,,WSN,
5/1/26,BAL,,NYY,
5/1/26,HOU,,BOS,
5/1/26,SFG,,TBR,
5/1/26,PHI,,MIA,
5/1/26,TOR,,MIN,
5/1/26,LAD,,STL,
5/1/26,ATL,,COL,
5/1/26,NYM,,LAA,
5/1/26,CLE,,ATH,
5/1/26,CWS,,SDP,
5/1/26,KC,,SEA,
5/2/26,BAL,,NYY,
5/2/26,TOR,,MIN,
5/2/26,ARI,,CHC,
5/2/26,CLE,,ATH,
5/2/26,CIN,,PIT,
5/2/26,MIL,,WSN,
5/2/26,HOU,,BOS,
5/2/26,PHI,,MIA,
5/2/26,SFG,,TBR,
5/2/26,LAD,,STL,
5/2/26,TEX,,DET,
5/2/26,ATL,,COL,
5/2/26,CWS,,SDP,
5/2/26,NYM,,LAA,
5/2/26,KC,,SEA,
5/3/26,TOR,,MIN,
5/3/26,HOU,,BOS,
5/3/26,CIN,,PIT,
5/3/26,BAL,,NYY,
5/3/26,MIL,,WSN,
5/3/26,SFG,,TBR,
5/3/26,PHI,,MIA,
5/3/26,LAD,,STL,
5/3/26,ARI,,CHC,
5/3/26,ATL,,COL,
5/3/26,CLE,,ATH,
5/3/26,NYM,,LAA,
5/3/26,KC,,SEA,
5/3/26,CWS,,SDP,
5/3/26,TEX,,DET,
5/4/26,NYM,,COL,
5/4/26,BOS,,DET,
5/4/26,TOR,,TBR,
5/4/26,PHI,,MIA,
5/4/26,BAL,,NYY,
5/4/26,CIN,,CHC,
5/4/26,CLE,,KC,
5/4/26,MIL,,STL,
5/4/26,LAD,,HOU,
5/4/26,CWS,,LAA,
5/4/26,ATL,,SEA,
5/4/26,SDP,,SFG,
5/5/26,BOS,,DET,
5/5/26,TOR,,TBR,
5/5/26,ATH,,PHI,
5/5/26,BAL,,MIA,
5/5/26,MIN,,WSN,
5/5/26,TEX,,NYY,
5/5/26,CIN,,CHC,
5/5/26,CLE,,KC,
5/5/26,LAD,,HOU,
5/5/26,CWS,,LAA,
5/5/26,PIT,,ARI,
5/5/26,ATL,,SEA,
5/5/26,SDP,,SFG,
5/5/26,MIL,,STL,
5/5/26,NYM,,COL,
5/6/26,TOR,,TBR,
5/6/26,MIL,,STL,
5/6/26,LAD,,HOU,
5/6/26,SDP,,SFG,
5/6/26,CWS,,LAA,
5/6/26,ATL,,SEA,
5/6/26,BOS,,DET,
5/6/26,ATH,,PHI,
5/6/26,BAL,,MIA,
5/6/26,MIN,,WSN,
5/6/26,TEX,,NYY,
5/6/26,CIN,,CHC,
5/6/26,CLE,,KC,
5/6/26,NYM,,COL,
5/6/26,PIT,,ARI,
5/7/26,TEX,,NYY,
5/7/26,MIN,,WSN,
5/7/26,CLE,,KC,
5/7/26,CIN,,CHC,
5/7/26,NYM,,COL,
5/7/26,PIT,,ARI,
5/7/26,ATH,,PHI,
5/7/26,BAL,,MIA,
5/7/26,TBR,,BOS,
5/7/26,STL,,SDP,
5/8/26,HOU,,CIN,
5/8/26,COL,,PHI,
5/8/26,ATH,,BAL,
5/8/26,LAA,,TOR,
5/8/26,TBR,,BOS,
5/8/26,WSN,,MIA,
5/8/26,MIN,,CLE,
5/8/26,DET,,KC,
5/8/26,SEA,,CWS,
5/8/26,NYY,,MIL,
5/8/26,CHC,,TEX,
5/8/26,NYM,,ARI,
5/8/26,STL,,SDP,
5/8/26,ATL,,LAD,
5/8/26,PIT,,SFG,
5/9/26,LAA,,TOR,
5/9/26,ATH,,BAL,
5/9/26,HOU,,CIN,
5/9/26,WSN,,MIA,
5/9/26,COL,,PHI,
5/9/26,MIN,,CLE,
5/9/26,CHC,,TEX,
5/9/26,DET,,KC,
5/9/26,SEA,,CWS,
5/9/26,NYY,,MIL,
5/9/26,NYM,,ARI,
5/9/26,STL,,SDP,
5/9/26,PIT,,SFG,
5/9/26,ATL,,LAD,
5/9/26,TBR,,BOS,
5/10/26,WSN,,MIA,
5/10/26,ATH,,BAL,
5/10/26,TBR,,BOS,
5/10/26,COL,,PHI,
5/10/26,LAA,,TOR,
5/10/26,HOU,,CIN,
5/10/26,MIN,,CLE,
5/10/26,SEA,,CWS,
5/10/26,NYY,,MIL,
5/10/26,CHC,,TEX,
5/10/26,PIT,,SFG,
5/10/26,NYM,,ARI,
5/10/26,STL,,SDP,
5/10/26,ATL,,LAD,
5/10/26,DET,,KC,
5/11/26,LAA,,CLE,
5/11/26,NYY,,BAL,
5/11/26,TBR,,TOR,
5/11/26,ARI,,TEX,
5/11/26,SEA,,HOU,
5/11/26,SFG,,LAD,
5/12/26,LAA,,CLE,
5/12/26,NYY,,BAL,
5/12/26,WSN,,CIN,
5/12/26,COL,,PIT,
5/12/26,PHI,,BOS,
5/12/26,TBR,,TOR,
5/12/26,DET,,NYM,
5/12/26,CHC,,ATL,
5/12/26,KC,,CWS,
5/12/26,MIA,,MIN,
5/12/26,SDP,,MIL,
5/12/26,ARI,,TEX,
5/12/26,SEA,,HOU,
5/12/26,STL,,ATH,
5/12/26,SFG,,LAD,
5/13/26,NYY,,BAL,
5/13/26,LAA,,CLE,
5/13/26,WSN,,CIN,
5/13/26,COL,,PIT,
5/13/26,PHI,,BOS,
5/13/26,TBR,,TOR,
5/13/26,DET,,NYM,
5/13/26,CHC,,ATL,
5/13/26,KC,,CWS,
5/13/26,MIA,,MIN,
5/13/26,SDP,,MIL,
5/13/26,ARI,,TEX,
5/13/26,SEA,,HOU,
5/13/26,STL,,ATH,
5/13/26,SFG,,LAD,
5/14/26,COL,,PIT,
5/14/26,WSN,,CIN,
5/14/26,DET,,NYM,
5/14/26,MIA,,MIN,
5/14/26,SDP,,MIL,
5/14/26,SEA,,HOU,
5/14/26,STL,,ATH,
5/14/26,PHI,,BOS,
5/14/26,CHC,,ATL,
5/14/26,KC,,CWS,
5/14/26,SFG,,LAD,
5/15/26,PHI,,PIT,
5/15/26,BAL,,WSN,
5/15/26,TOR,,DET,
5/15/26,CIN,,CLE,
5/15/26,MIA,,TBR,
5/15/26,MIL,,MIN,
5/15/26,BOS,,ATL,
5/15/26,NYY,,NYM,
5/15/26,CHC,,CWS,
5/15/26,TEX,,HOU,
5/15/26,KC,,STL,
5/15/26,ARI,,COL,
5/15/26,LAD,,LAA,
5/15/26,SDP,,SEA,
5/15/26,SFG,,ATH,
5/16/26,TOR,,DET,
5/16/26,KC,,STL,
5/16/26,ARI,,COL,
5/16/26,BAL,,WSN,
5/16/26,PHI,,PIT,
5/16/26,MIA,,TBR,
5/16/26,CIN,,CLE,
5/16/26,TEX,,HOU,
5/16/26,CHC,,CWS,
5/16/26,MIL,,MIN,
5/16/26,SDP,,SEA,
5/16/26,BOS,,ATL,
5/16/26,NYY,,NYM,
5/16/26,LAD,,LAA,
5/16/26,SFG,,ATH,
5/17/26,MIA,,TBR,
5/17/26,BAL,,WSN,
5/17/26,PHI,,PIT,
5/17/26,BOS,,ATL,
5/17/26,CIN,,CLE,
5/17/26,TOR,,DET,
5/17/26,NYY,,NYM,
5/17/26,TEX,,HOU,
5/17/26,CHC,,CWS,
5/17/26,MIL,,MIN,
5/17/26,KC,,STL,
5/17/26,ARI,,COL,
5/17/26,SFG,,ATH,
5/17/26,LAD,,LAA,
5/17/26,SDP,,SEA,
5/18/26,CLE,,DET,
5/18/26,BAL,,TBR,
5/18/26,CIN,,PHI,
5/18/26,ATL,,MIA,
5/18/26,NYM,,WSN,
5/18/26,TOR,,NYY,
5/18/26,BOS,,KC,
5/18/26,HOU,,MIN,
5/18/26,MIL,,CHC,
5/18/26,TEX,,COL,
5/18/26,ATH,,LAA,
5/18/26,LAD,,SDP,
5/18/26,SFG,,ARI,
5/18/26,CWS,,SEA,
5/19/26,ATL,,MIA,
5/19/26,CLE,,DET,
5/19/26,BAL,,TBR,
5/19/26,CIN,,PHI,
5/19/26,NYM,,WSN,
5/19/26,TOR,,NYY,
5/19/26,BOS,,KC,
5/19/26,HOU,,MIN,
5/19/26,MIL,,CHC,
5/19/26,PIT,,STL,
5/19/26,TEX,,COL,
5/19/26,ATH,,LAA,
5/19/26,LAD,,SDP,
5/19/26,SFG,,ARI,
5/19/26,CWS,,SEA,
5/20/26,CIN,,PHI,
5/20/26,BAL,,TBR,
5/20/26,HOU,,MIN,
5/20/26,TEX,,COL,
5/20/26,SFG,,ARI,
5/20/26,CWS,,SEA,
5/20/26,CLE,,DET,
5/20/26,ATL,,MIA,
5/20/26,NYM,,WSN,
5/20/26,TOR,,NYY,
5/20/26,BOS,,KC,
5/20/26,MIL,,CHC,
5/20/26,PIT,,STL,
5/20/26,LAD,,SDP,
5/20/26,ATH,,LAA,
5/21/26,CLE,,DET,
5/21/26,PIT,,STL,
5/21/26,NYM,,WSN,
5/21/26,ATL,,MIA,
5/21/26,TOR,,NYY,
5/21/26,ATH,,LAA,
5/21/26,COL,,ARI,
5/22/26,HOU,,CHC,
5/22/26,STL,,CIN,
5/22/26,CLE,,PHI,
5/22/26,TBR,,NYY,
5/22/26,PIT,,TOR,
5/22/26,MIN,,BOS,
5/22/26,NYM,,MIA,
5/22/26,DET,,BAL,
5/22/26,WSN,,ATL,
5/22/26,SEA,,KC,
5/22/26,LAD,,MIL,
5/22/26,TEX,,LAA,
5/22/26,COL,,ARI,
5/22/26,ATH,,SDP,
5/22/26,CWS,,SFG,
5/23/26,TBR,,NYY,
5/23/26,HOU,,CHC,
5/23/26,PIT,,TOR,
5/23/26,DET,,BAL,
5/23/26,CLE,,PHI,
5/23/26,CWS,,SFG,
5/23/26,SEA,,KC,
5/23/26,MIN,,BOS,
5/23/26,WSN,,ATL,
5/23/26,NYM,,MIA,
5/23/26,STL,,CIN,
5/23/26,LAD,,MIL,
5/23/26,ATH,,SDP,
5/23/26,TEX,,LAA,
5/23/26,COL,,ARI,
5/24/26,PIT,,TOR,
5/24/26,DET,,BAL,
5/24/26,MIN,,BOS,
5/24/26,CLE,,PHI,
5/24/26,TBR,,NYY,
5/24/26,STL,,CIN,
5/24/26,NYM,,MIA,
5/24/26,SEA,,KC,
5/24/26,LAD,,MIL,
5/24/26,HOU,,CHC,
5/24/26,CWS,,SFG,
5/24/26,COL,,ARI,
5/24/26,ATH,,SDP,
5/24/26,WSN,,ATL,
5/24/26,TEX,,LAA,
5/25/26,CHC,,PIT,
5/25/26,TBR,,BAL,
5/25/26,MIN,,CWS,
5/25/26,STL,,MIL,
5/25/26,NYY,,KC,
5/25/26,CIN,,NYM,
5/25/26,ARI,,SFG,
5/25/26,WSN,,CLE,
5/25/26,PHI,,SDP,
5/25/26,HOU,,TEX,
5/25/26,MIA,,TOR,
5/25/26,COL,,LAD,
5/25/26,SEA,,ATH,
5/26/26,WSN,,CLE,
5/26/26,TBR,,BAL,
5/26/26,LAA,,DET,
5/26/26,CHC,,PIT,
5/26/26,ATL,,BOS,
5/26/26,MIA,,TOR,
5/26/26,CIN,,NYM,
5/26/26,MIN,,CWS,
5/26/26,NYY,,KC,
5/26/26,STL,,MIL,
5/26/26,HOU,,TEX,
5/26/26,SEA,,ATH,
5/26/26,PHI,,SDP,
5/26/26,ARI,,SFG,
5/26/26,COL,,LAD,
5/27/26,MIA,,TOR,
5/27/26,WSN,,CLE,
5/27/26,STL,,MIL,
5/27/26,SEA,,ATH,
5/27/26,ARI,,SFG,
5/27/26,PHI,,SDP,
5/27/26,TBR,,BAL,
5/27/26,LAA,,DET,
5/27/26,CHC,,PIT,
5/27/26,ATL,,BOS,
5/27/26,CIN,,NYM,
5/27/26,MIN,,CWS,
5/27/26,NYY,,KC,
5/27/26,HOU,,TEX,
5/27/26,COL,,LAD,
5/28/26,LAA,,DET,
5/28/26,MIN,,CWS,
5/28/26,ATL,,BOS,
5/28/26,TOR,,BAL,
5/28/26,CHC,,PIT,
5/28/26,HOU,,TEX,
5/29/26,ATL,,CIN,
5/29/26,SDP,,WSN,
5/29/26,MIN,,PIT,
5/29/26,TOR,,BAL,
5/29/26,BOS,,CLE,
5/29/26,LAA,,TBR,
5/29/26,MIA,,NYM,
5/29/26,CHC,,STL,
5/29/26,DET,,CWS,
5/29/26,KC,,TEX,
5/29/26,MIL,,HOU,
5/29/26,SFG,,COL,
5/29/26,NYY,,ATH,
5/29/26,ARI,,SEA,
5/29/26,PHI,,LAD,
5/30/26,DET,,CWS,
5/30/26,SDP,,WSN,
5/30/26,KC,,TEX,
5/30/26,TOR,,BAL,
5/30/26,MIN,,PIT,
5/30/26,BOS,,CLE,
5/30/26,LAA,,TBR,
5/30/26,MIA,,NYM,
5/30/26,MIL,,HOU,
5/30/26,CHC,,STL,
5/30/26,ATL,,CIN,
5/30/26,SFG,,COL,
5/30/26,NYY,,ATH,
5/30/26,ARI,,SEA,
5/30/26,PHI,,LAD,
5/31/26,TOR,,BAL,
5/31/26,SDP,,WSN,
5/31/26,MIN,,PIT,
5/31/26,BOS,,CLE,
5/31/26,LAA,,TBR,
5/31/26,ATL,,CIN,
5/31/26,MIA,,NYM,
5/31/26,DET,,CWS,
5/31/26,MIL,,HOU,
5/31/26,KC,,TEX,
5/31/26,SFG,,COL,
5/31/26,NYY,,ATH,
5/31/26,ARI,,SEA,
5/31/26,PHI,,LAD,
5/31/26,CHC,,STL,
6/1/26,DET,,TBR,
6/1/26,MIA,,WSN,
6/1/26,KC,,CIN,
6/1/26,CWS,,MIN,
6/1/26,SFG,,MIL,
6/1/26,TEX,,STL,
6/1/26,COL,,LAA,
6/1/26,LAD,,ARI,
6/1/26,NYM,,SEA,
6/2/26,DET,,TBR,
6/2/26,SDP,,PHI,
6/2/26,BAL,,BOS,
6/2/26,MIA,,WSN,
6/2/26,CLE,,NYY,
6/2/26,KC,,CIN,
6/2/26,TOR,,ATL,
6/2/26,CWS,,MIN,
6/2/26,SFG,,MIL,
6/2/26,TEX,,STL,
6/2/26,ATH,,CHC,
6/2/26,PIT,,HOU,
6/2/26,COL,,LAA,
6/2/26,LAD,,ARI,
6/2/26,NYM,,SEA,
6/3/26,MIA,,WSN,
6/3/26,DET,,TBR,
6/3/26,CWS,,MIN,
6/3/26,NYM,,SEA,
6/3/26,SDP,,PHI,
6/3/26,BAL,,BOS,
6/3/26,CLE,,NYY,
6/3/26,KC,,CIN,
6/3/26,TOR,,ATL,
6/3/26,SFG,,MIL,
6/3/26,TEX,,STL,
6/3/26,ATH,,CHC,
6/3/26,PIT,,HOU,
6/3/26,COL,,LAA,
6/3/26,LAD,,ARI,
6/4/26,SDP,,PHI,
6/4/26,BAL,,BOS,
6/4/26,CLE,,NYY,
6/4/26,SFG,,MIL,
6/4/26,TOR,,ATL,
6/4/26,KC,,MIN,
6/4/26,ATH,,CHC,
6/4/26,PIT,,HOU,
6/4/26,LAD,,ARI,
6/5/26,SFG,,CHC,
6/5/26,SEA,,DET,
6/5/26,CWS,,PHI,
6/5/26,BOS,,NYY,
6/5/26,BAL,,TOR,
6/5/26,TBR,,MIA,
6/5/26,PIT,,ATL,
6/5/26,ATH,,HOU,
6/5/26,CIN,,STL,
6/5/26,CLE,,TEX,
6/5/26,KC,,MIN,
6/5/26,MIL,,COL,
6/5/26,WSN,,ARI,
6/5/26,NYM,,SDP,
6/5/26,LAA,,LAD,
6/6/26,SEA,,DET,
6/6/26,KC,,MIN,
6/6/26,CIN,,STL,
6/6/26,SFG,,CHC,
6/6/26,BAL,,TOR,
6/6/26,CWS,,PHI,
6/6/26,WSN,,ARI,
6/6/26,ATH,,HOU,
6/6/26,PIT,,ATL,
6/6/26,TBR,,MIA,
6/6/26,CLE,,TEX,
6/6/26,BOS,,NYY,
6/6/26,MIL,,COL,
6/6/26,LAA,,LAD,
6/6/26,NYM,,SDP,
6/7/26,PIT,,ATL,
6/7/26,CWS,,PHI,
6/7/26,BOS,,NYY,
6/7/26,BAL,,TOR,
6/7/26,SEA,,DET,
6/7/26,TBR,,MIA,
6/7/26,ATH,,HOU,
6/7/26,KC,,MIN,
6/7/26,CIN,,STL,
6/7/26,CLE,,TEX,
6/7/26,MIL,,COL,
6/7/26,WSN,,ARI,
6/7/26,LAA,,LAD,
6/7/26,NYM,,SDP,
6/7/26,SFG,,CHC,
6/8/26,SEA,,BAL,
6/8/26,BOS,,TBR,
6/8/26,NYY,,CLE,
6/8/26,PHI,,TOR,
6/8/26,HOU,,LAA,
6/8/26,CIN,,SDP,
6/8/26,WSN,,SFG,
6/8/26,MIL,,ATH,
6/9/26,SEA,,BAL,
6/9/26,LAD,,PIT,
6/9/26,BOS,,TBR,
6/9/26,MIN,,DET,
6/9/26,ARI,,MIA,
6/9/26,NYY,,CLE,
6/9/26,PHI,,TOR,
6/9/26,STL,,NYM,
6/9/26,TEX,,KC,
6/9/26,ATL,,CWS,
6/9/26,CHC,,COL,
6/9/26,HOU,,LAA,
6/9/26,CIN,,SDP,
6/9/26,WSN,,SFG,
6/9/26,MIL,,ATH,
6/10/26,BOS,,TBR,
6/10/26,NYY,,CLE,
6/10/26,WSN,,SFG,
6/10/26,CIN,,SDP,
6/10/26,SEA,,BAL,
6/10/26,LAD,,PIT,
6/10/26,MIN,,DET,
6/10/26,ARI,,MIA,
6/10/26,PHI,,TOR,
6/10/26,STL,,NYM,
6/10/26,TEX,,KC,
6/10/26,ATL,,CWS,
6/10/26,CHC,,COL,
6/10/26,MIL,,ATH,
6/10/26,HOU,,LAA,
6/11/26,STL,,NYM,
6/11/26,MIN,,DET,
6/11/26,ARI,,MIA,
6/11/26,TEX,,KC,
6/11/26,CHC,,COL,
6/11/26,LAD,,PIT,
6/11/26,SEA,,BAL,
6/11/26,ATL,,CWS,
6/12/26,MIA,,PIT,
6/12/26,SEA,,WSN,
6/12/26,SDP,,BAL,
6/12/26,DET,,CLE,
6/12/26,TEX,,BOS,
6/12/26,ARI,,CIN,
6/12/26,ATL,,NYM,
6/12/26,NYY,,TOR,
6/12/26,LAD,,CWS,
6/12/26,PHI,,MIL,
6/12/26,HOU,,KC,
6/12/26,STL,,MIN,
6/12/26,TBR,,LAA,
6/12/26,COL,,ATH,
6/12/26,CHC,,SFG,
6/13/26,STL,,MIN,
6/13/26,NYY,,TOR,
6/13/26,SDP,,BAL,
6/13/26,SEA,,WSN,
6/13/26,MIA,,PIT,
6/13/26,ARI,,CIN,
6/13/26,DET,,CLE,
6/13/26,TEX,,BOS,
6/13/26,ATL,,NYM,
6/13/26,LAD,,CWS,
6/13/26,HOU,,KC,
6/13/26,PHI,,MIL,
6/13/26,COL,,ATH,
6/13/26,CHC,,SFG,
6/13/26,TBR,,LAA,
6/14/26,MIA,,PIT,
6/14/26,SDP,,BAL,
6/14/26,SEA,,WSN,
6/14/26,NYY,,TOR,
6/14/26,ARI,,CIN,
6/14/26,DET,,CLE,
6/14/26,ATL,,NYM,
6/14/26,HOU,,KC,
6/14/26,STL,,MIN,
6/14/26,LAD,,CWS,
6/14/26,PHI,,MIL,
6/14/26,COL,,ATH,
6/14/26,CHC,,SFG,
6/14/26,TBR,,LAA,
6/14/26,TEX,,BOS,
6/15/26,MIA,,PHI,
6/15/26,KC,,WSN,
6/15/26,NYM,,CIN,
6/15/26,SDP,,STL,
6/15/26,COL,,CHC,
6/15/26,MIN,,TEX,
6/15/26,DET,,HOU,
6/15/26,LAA,,ARI,
6/15/26,PIT,,ATH,
6/15/26,TBR,,LAD,
6/16/26,MIA,,PHI,
6/16/26,KC,,WSN,
6/16/26,TOR,,BOS,
6/16/26,CWS,,NYY,
6/16/26,NYM,,CIN,
6/16/26,SFG,,ATL,
6/16/26,CLE,,MIL,
6/16/26,SDP,,STL,
6/16/26,COL,,CHC,
6/16/26,MIN,,TEX,
6/16/26,DET,,HOU,
6/16/26,LAA,,ARI,
6/16/26,PIT,,ATH,
6/16/26,BAL,,SEA,
6/16/26,TBR,,LAD,
6/17/26,NYM,,CIN,
6/17/26,KC,,WSN,
6/17/26,MIA,,PHI,
6/17/26,DET,,HOU,
6/17/26,SDP,,STL,
6/17/26,TBR,,LAD,
6/17/26,LAA,,ARI,
6/17/26,TOR,,BOS,
6/17/26,CWS,,NYY,
6/17/26,SFG,,ATL,
6/17/26,CLE,,MIL,
6/17/26,COL,,CHC,
6/17/26,PIT,,ATH,
6/17/26,BAL,,SEA,
6/18/26,TOR,,BOS,
6/18/26,CLE,,MIL,
6/18/26,MIN,,TEX,
6/18/26,BAL,,SEA,
6/18/26,NYM,,PHI,
6/18/26,CWS,,NYY,
6/18/26,SFG,,ATL,
6/18/26,STL,,KC,
6/18/26,LAA,,ATH,
6/19/26,TOR,,CHC,
6/19/26,CWS,,DET,
6/19/26,CIN,,NYY,
6/19/26,WSN,,TBR,
6/19/26,SFG,,MIA,
6/19/26,MIL,,ATL,
6/19/26,SDP,,TEX,
6/19/26,CLE,,HOU,
6/19/26,STL,,KC,
6/19/26,PIT,,COL,
6/19/26,LAA,,ATH,
6/19/26,MIN,,ARI,
6/19/26,BAL,,LAD,
6/19/26,BOS,,SEA,
6/20/26,CWS,,DET,
6/20/26,CIN,,NYY,
6/20/26,TOR,,CHC,
6/20/26,SDP,,TEX,
6/20/26,WSN,,TBR,
6/20/26,SFG,,MIA,
6/20/26,MIL,,ATL,
6/20/26,CLE,,HOU,
6/20/26,NYM,,PHI,
6/20/26,PIT,,COL,
6/20/26,LAA,,ATH,
6/20/26,BAL,,LAD,
6/20/26,BOS,,SEA,
6/20/26,MIN,,ARI,
6/21/26,CIN,,NYY,
6/21/26,MIL,,ATL,
6/21/26,WSN,,TBR,
6/21/26,CWS,,DET,
6/21/26,SFG,,MIA,
6/21/26,CLE,,HOU,
6/21/26,STL,,KC,
6/21/26,TOR,,CHC,
6/21/26,SDP,,TEX,
6/21/26,PIT,,COL,
6/21/26,MIN,,ARI,
6/21/26,LAA,,ATH,
6/21/26,BAL,,LAD,
6/21/26,BOS,,SEA,
6/21/26,NYM,,PHI,
6/22/26,KC,,TBR,
6/22/26,TEX,,MIA,
6/22/26,NYY,,DET,
6/22/26,PHI,,WSN,
6/22/26,HOU,,TOR,
6/22/26,CHC,,NYM,
6/22/26,MIL,,CIN,
6/22/26,LAD,,MIN,
6/22/26,CLE,,CWS,
6/22/26,ARI,,STL,
6/22/26,BOS,,COL,
6/22/26,BAL,,LAA,
6/22/26,ATL,,SDP,
6/23/26,HOU,,TOR,
6/23/26,SEA,,PIT,
6/23/26,KC,,TBR,
6/23/26,TEX,,MIA,
6/23/26,NYY,,DET,
6/23/26,PHI,,WSN,
6/23/26,CHC,,NYM,
6/23/26,MIL,,CIN,
6/23/26,LAD,,MIN,
6/23/26,CLE,,CWS,
6/23/26,ARI,,STL,
6/23/26,BOS,,COL,
6/23/26,BAL,,LAA,
6/23/26,ATL,,SDP,
6/23/26,ATH,,SFG,
6/24/26,TEX,,MIA,
6/24/26,CLE,,CWS,
6/24/26,BOS,,COL,
6/24/26,BAL,,LAA,
6/24/26,SEA,,PIT,
6/24/26,KC,,TBR,
6/24/26,NYY,,DET,
6/24/26,PHI,,WSN,
6/24/26,HOU,,TOR,
6/24/26,CHC,,NYM,
6/24/26,MIL,,CIN,
6/24/26,LAD,,MIN,
6/24/26,ARI,,STL,
6/24/26,ATL,,SDP,
6/24/26,ATH,,SFG,
6/25/26,KC,,TBR,
6/25/26,SEA,,PIT,
6/25/26,ATH,,SFG,
6/25/26,HOU,,DET,
6/25/26,PHI,,WSN,
6/25/26,TEX,,TOR,
6/25/26,CHC,,NYM,
6/25/26,NYY,,BOS,
6/25/26,ARI,,STL,
6/26/26,HOU,,DET,
6/26/26,CIN,,PIT,
6/26/26,WSN,,BAL,
6/26/26,TEX,,TOR,
6/26/26,SEA,,CLE,
6/26/26,ARI,,TBR,
6/26/26,PHI,,NYM,
6/26/26,NYY,,BOS,
6/26/26,KC,,CWS,
6/26/26,CHC,,MIL,
6/26/26,COL,,MIN,
6/26/26,MIA,,STL,
6/26/26,ATH,,LAA,
6/26/26,LAD,,SDP,
6/26/26,ATL,,SFG,
6/27/26,HOU,,DET,
6/27/26,NYY,,BOS,
6/27/26,TEX,,TOR,
6/27/26,CIN,,PIT,
6/27/26,PHI,,NYM,
6/27/26,KC,,CWS,
6/27/26,ARI,,TBR,
6/27/26,WSN,,BAL,
6/27/26,SEA,,CLE,
6/27/26,COL,,MIN,
6/27/26,CHC,,MIL,
6/27/26,MIA,,STL,
6/27/26,LAD,,SDP,
6/27/26,ATL,,SFG,
6/27/26,ATH,,LAA,
6/28/26,WSN,,BAL,
6/28/26,CIN,,PIT,
6/28/26,TEX,,TOR,
6/28/26,HOU,,DET,
6/28/26,SEA,,CLE,
6/28/26,ARI,,TBR,
6/28/26,PHI,,NYM,
6/28/26,COL,,MIN,
6/28/26,KC,,CWS,
6/28/26,CHC,,MIL,
6/28/26,MIA,,STL,
6/28/26,ATH,,LAA,
6/28/26,ATL,,SFG,
6/28/26,LAD,,SDP,
6/28/26,NYY,,BOS,
6/29/26,CWS,,BAL,
6/29/26,PIT,,PHI,
6/29/26,DET,,NYY,
6/29/26,NYM,,TOR,
6/29/26,WSN,,BOS,
6/29/26,TEX,,CLE,
6/29/26,CIN,,MIL,
6/29/26,SDP,,CHC,
6/29/26,MIN,,HOU,
6/29/26,MIA,,COL,
6/29/26,LAD,,ATH,
6/29/26,LAA,,SEA,
6/29/26,SFG,,ARI,
6/30/26,CWS,,BAL,
6/30/26,TEX,,CLE,
6/30/26,PIT,,PHI,
6/30/26,DET,,NYY,
6/30/26,NYM,,TOR,
6/30/26,WSN,,BOS,
6/30/26,STL,,ATL,
6/30/26,TBR,,KC,
6/30/26,CIN,,MIL,
6/30/26,SDP,,CHC,
6/30/26,MIN,,HOU,
6/30/26,MIA,,COL,
6/30/26,LAD,,ATH,
6/30/26,LAA,,SEA,
6/30/26,SFG,,ARI,
7/1/26,CWS,,BAL,
7/1/26,TEX,,CLE,
7/1/26,WSN,,BOS,
7/1/26,DET,,NYY,
7/1/26,SDP,,CHC,
7/1/26,NYM,,TOR,
7/1/26,PIT,,PHI,
7/1/26,STL,,ATL,
7/1/26,TBR,,KC,
7/1/26,MIN,,HOU,
7/1/26,CIN,,MIL,
7/1/26,MIA,,COL,
7/1/26,LAD,,ATH,
7/1/26,SFG,,ARI,
7/2/26,PIT,,PHI,
7/2/26,CIN,,MIL,
7/2/26,MIA,,COL,
7/2/26,CWS,,CLE,
7/2/26,STL,,ATL,
7/2/26,TBR,,KC,
7/2/26,DET,,TEX,
7/2/26,LAA,,SEA,
7/2/26,SDP,,LAD,
7/3/26,STL,,CHC,
7/3/26,PIT,,WSN,
7/3/26,MIN,,NYY,
7/3/26,BAL,,CIN,
7/3/26,CWS,,CLE,
7/3/26,NYM,,ATL,
7/3/26,SFG,,COL,
7/3/26,TBR,,HOU,
7/3/26,BOS,,LAA,
7/3/26,MIA,,ATH,
7/3/26,MIL,,ARI,
7/3/26,SDP,,LAD,
7/3/26,TOR,,SEA,
7/4/26,PIT,,WSN,
7/4/26,MIN,,NYY,
7/4/26,DET,,TEX,
7/4/26,TOR,,SEA,
7/4/26,BAL,,CIN,
7/4/26,TBR,,HOU,
7/4/26,CWS,,CLE,
7/4/26,STL,,CHC,
7/4/26,NYM,,ATL,
7/4/26,SFG,,COL,
7/4/26,PHI,,KC,
7/4/26,BOS,,LAA,
7/4/26,MIA,,ATH,
7/4/26,MIL,,ARI,
7/4/26,SDP,,LAD,
7/5/26,NYM,,ATL,
7/5/26,PIT,,WSN,
7/5/26,BAL,,CIN,
7/5/26,MIN,,NYY,
7/5/26,CWS,,CLE,
7/5/26,STL,,CHC,
7/5/26,PHI,,KC,
7/5/26,TBR,,HOU,
7/5/26,DET,,TEX,
7/5/26,SFG,,COL,
7/5/26,MIL,,ARI,
7/5/26,MIA,,ATH,
7/5/26,TOR,,SEA,
7/5/26,SDP,,LAD,
7/5/26,BOS,,LAA,
7/6/26,PHI,,KC,
7/6/26,NYY,,TBR,
7/6/26,HOU,,WSN,
7/6/26,NYM,,ATL,
7/6/26,MIL,,STL,
7/6/26,ARI,,SDP,
7/6/26,TOR,,SFG,
7/6/26,COL,,LAD,
7/7/26,MIL,,STL,
7/7/26,MIL,,STL,
7/7/26,CHC,,BAL,
7/7/26,ATH,,DET,
7/7/26,ATL,,PIT,
7/7/26,SEA,,MIA,
7/7/26,NYY,,TBR,
7/7/26,HOU,,WSN,
7/7/26,KC,,NYM,
7/7/26,PHI,,CIN,
7/7/26,CLE,,MIN,
7/7/26,BOS,,CWS,
7/7/26,LAA,,TEX,
7/7/26,ARI,,SDP,
7/7/26,TOR,,SFG,
7/7/26,COL,,LAD,
7/8/26,TOR,,SFG,
7/8/26,CHC,,BAL,
7/8/26,ATH,,DET,
7/8/26,ATL,,PIT,
7/8/26,SEA,,MIA,
7/8/26,NYY,,TBR,
7/8/26,HOU,,WSN,
7/8/26,KC,,NYM,
7/8/26,PHI,,CIN,
7/8/26,CLE,,MIN,
7/8/26,BOS,,CWS,
7/8/26,MIL,,STL,
7/8/26,LAA,,TEX,
7/8/26,COL,,LAD,
7/8/26,ARI,,SDP,
7/9/26,ATL,,PIT,
7/9/26,KC,,NYM,
7/9/26,NYY,,TBR,
7/9/26,CLE,,MIN,
7/9/26,BOS,,CWS,
7/9/26,CHC,,BAL,
7/9/26,ATH,,DET,
7/9/26,SEA,,MIA,
7/9/26,PHI,,CIN,
7/9/26,MIL,,STL,
7/9/26,LAA,,TEX,
7/9/26,ARI,,SDP,
7/9/26,COL,,SFG,
7/10/26,PHI,,DET,
7/10/26,MIL,,PIT,
7/10/26,NYY,,WSN,
7/10/26,KC,,BAL,
7/10/26,CHC,,CIN,
7/10/26,BOS,,NYM,
7/10/26,SEA,,TBR,
7/10/26,CLE,,MIA,
7/10/26,ATH,,CWS,
7/10/26,HOU,,TEX,
7/10/26,LAA,,MIN,
7/10/26,ATL,,STL,
7/10/26,TOR,,SDP,
7/10/26,ARI,,LAD,
7/10/26,COL,,SFG,
7/11/26,LAA,,MIN,
7/11/26,COL,,SFG,
7/11/26,NYY,,WSN,
7/11/26,MIL,,PIT,
7/11/26,BOS,,NYM,
7/11/26,SEA,,TBR,
7/11/26,ATH,,CWS,
7/11/26,CLE,,MIA,
7/11/26,PHI,,DET,
7/11/26,KC,,BAL,
7/11/26,HOU,,TEX,
7/11/26,CHC,,CIN,
7/11/26,ATL,,STL,
7/11/26,TOR,,SDP,
7/11/26,ARI,,LAD,
7/12/26,MIL,,PIT,
7/12/26,KC,,BAL,
7/12/26,NYY,,WSN,
7/12/26,CHC,,CIN,
7/12/26,BOS,,NYM,
7/12/26,SEA,,TBR,
7/12/26,PHI,,DET,
7/12/26,CLE,,MIA,
7/12/26,LAA,,MIN,
7/12/26,ATH,,CWS,
7/12/26,ATL,,STL,
7/12/26,HOU,,TEX,
7/12/26,COL,,SFG,
7/12/26,ARI,,LAD,
7/12/26,TOR,,SDP,
7/14/26,American League All-Stars,,National League All-Stars,
7/16/26,NYM,,PHI,
7/17/26,TBR,,BOS,
7/17/26,TBR,,BOS,
7/17/26,LAD,,NYY,
7/17/26,PIT,,CLE,
7/17/26,TEX,,ATL,
7/17/26,CWS,,TOR,
7/17/26,MIA,,MIL,
7/17/26,MIN,,CHC,
7/17/26,BAL,,HOU,
7/17/26,SDP,,KC,
7/17/26,CIN,,COL,
7/17/26,DET,,LAA,
7/17/26,WSN,,ATH,
7/17/26,STL,,ARI,
7/17/26,SFG,,SEA,
7/18/26,MIN,,CHC,
7/18/26,CWS,,TOR,
7/18/26,CIN,,COL,
7/18/26,NYM,,PHI,
7/18/26,BAL,,HOU,
7/18/26,PIT,,CLE,
7/18/26,SDP,,KC,
7/18/26,STL,,ARI,
7/18/26,TBR,,BOS,
7/18/26,TEX,,ATL,
7/18/26,MIA,,MIL,
7/18/26,SFG,,SEA,
7/18/26,LAD,,NYY,
7/18/26,WSN,,ATH,
7/18/26,DET,,LAA,
7/19/26,CWS,,TOR,
7/19/26,TBR,,BOS,
7/19/26,NYM,,PHI,
7/19/26,TEX,,ATL,
7/19/26,PIT,,CLE,
7/19/26,BAL,,HOU,
7/19/26,SDP,,KC,
7/19/26,MIA,,MIL,
7/19/26,MIN,,CHC,
7/19/26,CIN,,COL,
7/19/26,WSN,,ATH,
7/19/26,DET,,LAA,
7/19/26,SFG,,SEA,
7/19/26,STL,,ARI,
7/19/26,LAD,,NYY,
7/20/26,MIN,,CLE,
7/20/26,PIT,,NYY,
7/20/26,TBR,,TOR,
7/20/26,BAL,,BOS,
7/20/26,LAD,,PHI,
7/20/26,SDP,,ATL,
7/20/26,SFG,,KC,
7/20/26,NYM,,MIL,
7/20/26,DET,,CHC,
7/20/26,CWS,,TEX,
7/20/26,MIA,,HOU,
7/20/26,WSN,,COL,
7/20/26,ATH,,ARI,
7/20/26,CIN,,SEA,
7/20/26,STL,,LAA,
7/21/26,MIN,,CLE,
7/21/26,LAD,,PHI,
7/21/26,PIT,,NYY,
7/21/26,TBR,,TOR,
7/21/26,BAL,,BOS,
7/21/26,SDP,,ATL,
7/21/26,SFG,,KC,
7/21/26,NYM,,MIL,
7/21/26,DET,,CHC,
7/21/26,CWS,,TEX,
7/21/26,MIA,,HOU,
7/21/26,WSN,,COL,
7/21/26,STL,,LAA,
7/21/26,ATH,,ARI,
7/21/26,CIN,,SEA,
7/22/26,PIT,,NYY,
7/22/26,SFG,,KC,
7/22/26,NYM,,MIL,
7/22/26,WSN,,COL,
7/22/26,ATH,,ARI,
7/22/26,CIN,,SEA,
7/22/26,STL,,LAA,
7/22/26,MIN,,CLE,
7/22/26,LAD,,PHI,
7/22/26,TBR,,TOR,
7/22/26,BAL,,BOS,
7/22/26,SDP,,ATL,
7/22/26,DET,,CHC,
7/22/26,CWS,,TEX,
7/22/26,MIA,,HOU,
7/23/26,SDP,,ATL,
7/23/26,MIN,,CLE,
7/23/26,TBR,,TOR,
7/23/26,KC,,DET,
7/24/26,COL,,MIL,
7/24/26,KC,,DET,
7/24/26,CHC,,PIT,
7/24/26,NYY,,PHI,
7/24/26,ARI,,WSN,
7/24/26,ATL,,BAL,
7/24/26,LAD,,NYM,
7/24/26,CLE,,TBR,
7/24/26,TOR,,BOS,
7/24/26,SDP,,MIA,
7/24/26,HOU,,CWS,
7/24/26,SEA,,TEX,
7/24/26,ATH,,MIN,
7/24/26,CIN,,STL,
7/24/26,LAA,,SFG,
7/25/26,KC,,DET,
7/25/26,ARI,,WSN,
7/25/26,LAA,,SFG,
7/25/26,TOR,,BOS,
7/25/26,SDP,,MIA,
7/25/26,NYY,,PHI,
7/25/26,CLE,,TBR,
7/25/26,CHC,,PIT,
7/25/26,ATL,,BAL,
7/25/26,ATH,,MIN,
7/25/26,HOU,,CWS,
7/25/26,COL,,MIL,
7/25/26,LAD,,NYM,
7/25/26,CIN,,STL,
7/25/26,SEA,,TEX,
7/26/26,CLE,,TBR,
7/26/26,ARI,,WSN,
7/26/26,CHC,,PIT,
7/26/26,TOR,,BOS,
7/26/26,ATL,,BAL,
7/26/26,KC,,DET,
7/26/26,LAD,,NYM,
7/26/26,SDP,,MIA,
7/26/26,ATH,,MIN,
7/26/26,HOU,,CWS,
7/26/26,COL,,MIL,
7/26/26,CIN,,STL,
7/26/26,SEA,,TEX,
7/26/26,LAA,,SFG,
7/26/26,NYY,,PHI,
7/27/26,SEA,,TEX,
7/27/26,BAL,,DET,
7/27/26,ARI,,PIT,
7/27/26,PHI,,MIA,
7/27/26,TOR,,WSN,
7/27/26,CLE,,CIN,
7/27/26,ATL,,NYM,
7/27/26,NYY,,CWS,
7/27/26,CHC,,STL,
7/27/26,HOU,,LAA,
7/27/26,BOS,,ATH,
7/27/26,MIL,,SFG,
7/28/26,BAL,,DET,
7/28/26,ARI,,PIT,
7/28/26,TEX,,TBR,
7/28/26,PHI,,MIA,
7/28/26,TOR,,WSN,
7/28/26,CLE,,CIN,
7/28/26,ATL,,NYM,
7/28/26,KC,,MIN,
7/28/26,NYY,,CWS,
7/28/26,CHC,,STL,
7/28/26,HOU,,LAA,
7/28/26,BOS,,ATH,
7/28/26,COL,,SDP,
7/28/26,MIL,,SFG,
7/28/26,SEA,,LAD,
7/29/26,PHI,,MIA,
7/29/26,ARI,,PIT,
7/29/26,TOR,,WSN,
7/29/26,BAL,,DET,
7/29/26,ATL,,NYM,
7/29/26,MIL,,SFG,
7/29/26,COL,,SDP,
7/29/26,TEX,,TBR,
7/29/26,CLE,,CIN,
7/29/26,KC,,MIN,
7/29/26,NYY,,CWS,
7/29/26,CHC,,STL,
7/29/26,HOU,,LAA,
7/29/26,BOS,,ATH,
7/29/26,SEA,,LAD,
7/30/26,TEX,,TBR,
7/30/26,KC,,MIN,
7/30/26,NYY,,CWS,
7/30/26,CHC,,STL,
7/30/26,PIT,,CIN,
7/30/26,MIA,,NYM,
7/30/26,WSN,,ATL,
7/30/26,BOS,,ATH,
7/30/26,SFG,,SDP,
7/30/26,SEA,,LAD,
7/31/26,NYY,,CHC,
7/31/26,PIT,,CIN,
7/31/26,PHI,,BAL,
7/31/26,STL,,TOR,
7/31/26,ARI,,CLE,
7/31/26,CWS,,TBR,
7/31/26,MIA,,NYM,
7/31/26,WSN,,ATL,
7/31/26,TEX,,HOU,
7/31/26,KC,,COL,
7/31/26,MIL,,LAA,
7/31/26,DET,,ATH,
7/31/26,SFG,,SDP,
7/31/26,BOS,,LAD,
7/31/26,MIN,,SEA,
8/1/26,STL,,TOR,
8/1/26,MIN,,SEA,
8/1/26,CWS,,TBR,
8/1/26,MIA,,NYM,
8/1/26,PIT,,CIN,
8/1/26,PHI,,BAL,
8/1/26,TEX,,HOU,
8/1/26,ARI,,CLE,
8/1/26,WSN,,ATL,
8/1/26,NYY,,CHC,
8/1/26,KC,,COL,
8/1/26,SFG,,SDP,
8/1/26,BOS,,LAD,
8/1/26,MIL,,LAA,
8/1/26,DET,,ATH,
8/2/26,PHI,,BAL,
8/2/26,WSN,,ATL,
8/2/26,STL,,TOR,
8/2/26,ARI,,CLE,
8/2/26,PIT,,CIN,
8/2/26,CWS,,TBR,
8/2/26,MIA,,NYM,
8/2/26,TEX,,HOU,
8/2/26,NYY,,CHC,
8/2/26,KC,,COL,
8/2/26,MIL,,LAA,
8/2/26,DET,,ATH,
8/2/26,SFG,,SDP,
8/2/26,MIN,,SEA,
8/2/26,BOS,,LAD,
8/3/26,WSN,,PHI,
8/3/26,STL,,NYY,
8/3/26,PIT,,MIL,
8/3/26,LAD,,CHC,
8/3/26,SFG,,TEX,
8/3/26,TOR,,HOU,
8/3/26,TBR,,COL,
8/3/26,SDP,,ARI,
8/4/26,LAA,,BAL,
8/4/26,NYM,,CLE,
8/4/26,ATH,,CIN,
8/4/26,WSN,,PHI,
8/4/26,STL,,NYY,
8/4/26,CWS,,BOS,
8/4/26,MIA,,ATL,
8/4/26,MIN,,KC,
8/4/26,PIT,,MIL,
8/4/26,LAD,,CHC,
8/4/26,SFG,,TEX,
8/4/26,TOR,,HOU,
8/4/26,TBR,,COL,
8/4/26,SDP,,ARI,
8/4/26,DET,,SEA,
8/5/26,TOR,,HOU,
8/5/26,LAD,,CHC,
8/5/26,SFG,,TEX,
8/5/26,TBR,,COL,
8/5/26,LAA,,BAL,
8/5/26,NYM,,CLE,
8/5/26,ATH,,CIN,
8/5/26,WSN,,PHI,
8/5/26,STL,,NYY,
8/5/26,CWS,,BOS,
8/5/26,MIA,,ATL,
8/5/26,MIN,,KC,
8/5/26,PIT,,MIL,
8/5/26,SDP,,ARI,
8/5/26,DET,,SEA,
8/6/26,LAA,,BAL,
8/6/26,ATH,,CIN,
8/6/26,NYM,,CLE,
8/6/26,PIT,,MIL,
8/6/26,DET,,SEA,
8/6/26,WSN,,PHI,
8/6/26,CWS,,BOS,
8/6/26,MIA,,ATL,
8/6/26,MIN,,KC,
8/6/26,SDP,,ARI,
8/7/26,NYM,,PIT,
8/7/26,TOR,,PHI,
8/7/26,CIN,,WSN,
8/7/26,ATL,,NYY,
8/7/26,ATH,,BOS,
8/7/26,LAA,,MIA,
8/7/26,CLE,,CWS,
8/7/26,MIN,,MIL,
8/7/26,BAL,,TEX,
8/7/26,CHC,,KC,
8/7/26,COL,,STL,
8/7/26,LAD,,ARI,
8/7/26,HOU,,SDP,
8/7/26,TBR,,SEA,
8/7/26,DET,,SFG,
8/8/26,ATL,,NYY,
8/8/26,ATH,,BOS,
8/8/26,LAA,,MIA,
8/8/26,TOR,,PHI,
8/8/26,NYM,,PIT,
8/8/26,CIN,,WSN,
8/8/26,CHC,,KC,
8/8/26,CLE,,CWS,
8/8/26,MIN,,MIL,
8/8/26,HOU,,SDP,
8/8/26,DET,,SFG,
8/8/26,COL,,STL,
8/8/26,BAL,,TEX,
8/8/26,LAD,,ARI,
8/8/26,TBR,,SEA,
8/9/26,CIN,,WSN,
8/9/26,ATH,,BOS,
8/9/26,NYM,,PIT,
8/9/26,TOR,,PHI,
8/9/26,ATL,,NYY,
8/9/26,LAA,,MIA,
8/9/26,CHC,,KC,
8/9/26,CLE,,CWS,
8/9/26,MIN,,MIL,
8/9/26,COL,,STL,
8/9/26,BAL,,TEX,
8/9/26,DET,,SFG,
8/9/26,LAD,,ARI,
8/9/26,TBR,,SEA,
8/9/26,HOU,,SDP,
8/10/26,BOS,,TOR,
8/10/26,NYM,,ATL,
8/10/26,BAL,,MIN,
8/10/26,PHI,,STL,
8/10/26,TEX,,LAA,
8/10/26,COL,,ARI,
8/10/26,TBR,,ATH,
8/10/26,MIL,,SDP,
8/10/26,HOU,,SFG,
8/10/26,KC,,LAD,
8/11/26,CLE,,DET,
8/11/26,PIT,,MIA,
8/11/26,CHC,,WSN,
8/11/26,SEA,,NYY,
8/11/26,BOS,,TOR,
8/11/26,NYM,,ATL,
8/11/26,BAL,,MIN,
8/11/26,CIN,,CWS,
8/11/26,PHI,,STL,
8/11/26,TEX,,LAA,
8/11/26,COL,,ARI,
8/11/26,TBR,,ATH,
8/11/26,MIL,,SDP,
8/11/26,HOU,,SFG,
8/11/26,KC,,LAD,
8/12/26,BAL,,MIN,
8/12/26,PHI,,STL,
8/12/26,TBR,,ATH,
8/12/26,COL,,ARI,
8/12/26,HOU,,SFG,
8/12/26,MIL,,SDP,
8/12/26,CLE,,DET,
8/12/26,PIT,,MIA,
8/12/26,CHC,,WSN,
8/12/26,SEA,,NYY,
8/12/26,BOS,,TOR,
8/12/26,NYM,,ATL,
8/12/26,CIN,,CWS,
8/12/26,KC,,LAD,
8/12/26,TEX,,LAA,
8/13/26,CLE,,DET,
8/13/26,PIT,,MIA,
8/13/26,SEA,,NYY,
8/13/26,CIN,,CWS,
8/13/26,BOS,,TOR,
8/13/26,CHC,,WSN,
8/13/26,PHI,,MIN,
8/13/26,TEX,,LAA,
8/13/26,MIL,,LAD,
8/14/26,STL,,CHC,
8/14/26,MIA,,CIN,
8/14/26,BOS,,PIT,
8/14/26,CWS,,DET,
8/14/26,NYY,,TOR,
8/14/26,WSN,,NYM,
8/14/26,SDP,,CLE,
8/14/26,BAL,,TBR,
8/14/26,ARI,,ATL,
8/14/26,SEA,,HOU,
8/14/26,KC,,LAA,
8/14/26,TEX,,ATH,
8/14/26,MIL,,LAD,
8/14/26,COL,,SFG,
8/15/26,CWS,,DET,
8/15/26,STL,,CHC,
8/15/26,NYY,,TOR,
8/15/26,COL,,SFG,
8/15/26,WSN,,NYM,
8/15/26,BAL,,TBR,
8/15/26,BOS,,PIT,
8/15/26,MIA,,CIN,
8/15/26,SDP,,CLE,
8/15/26,SEA,,HOU,
8/15/26,PHI,,MIN,
8/15/26,ARI,,ATL,
8/15/26,MIL,,LAD,
8/15/26,KC,,LAA,
8/15/26,TEX,,ATH,
8/16/26,BAL,,TBR,
8/16/26,BOS,,PIT,
8/16/26,ARI,,ATL,
8/16/26,NYY,,TOR,
8/16/26,WSN,,NYM,
8/16/26,SDP,,CLE,
8/16/26,CWS,,DET,
8/16/26,MIA,,CIN,
8/16/26,PHI,,MIN,
8/16/26,STL,,CHC,
8/16/26,COL,,SFG,
8/16/26,TEX,,ATH,
8/16/26,KC,,LAA,
8/16/26,MIL,,LAD,
8/16/26,SEA,,HOU,
8/17/26,STL,,CIN,
8/17/26,BAL,,TBR,
8/17/26,MIA,,PHI,
8/17/26,DET,,PIT,
8/17/26,ARI,,BOS,
8/17/26,SDP,,NYM,
8/17/26,ATH,,KC,
8/17/26,ATL,,MIN,
8/17/26,CWS,,CHC,
8/17/26,LAD,,COL,
8/18/26,NYY,,BAL,
8/18/26,DET,,PIT,
8/18/26,SFG,,CLE,
8/18/26,STL,,CIN,
8/18/26,TOR,,TBR,
8/18/26,MIA,,PHI,
8/18/26,ARI,,BOS,
8/18/26,SDP,,NYM,
8/18/26,ATH,,KC,
8/18/26,ATL,,MIN,
8/18/26,SEA,,MIL,
8/18/26,WSN,,TEX,
8/18/26,CWS,,CHC,
8/18/26,LAA,,HOU,
8/18/26,LAD,,COL,
8/19/26,DET,,PIT,
8/19/26,SDP,,NYM,
8/19/26,ATL,,MIN,
8/19/26,CWS,,CHC,
8/19/26,ARI,,BOS,
8/19/26,MIA,,PHI,
8/19/26,NYY,,BAL,
8/19/26,SFG,,CLE,
8/19/26,STL,,CIN,
8/19/26,TOR,,TBR,
8/19/26,ATH,,KC,
8/19/26,SEA,,MIL,
8/19/26,WSN,,TEX,
8/19/26,LAA,,HOU,
8/19/26,LAD,,COL,
8/20/26,STL,,CIN,
8/20/26,SFG,,CLE,
8/20/26,TOR,,TBR,
8/20/26,ATH,,KC,
8/20/26,SEA,,MIL,
8/20/26,NYY,,BAL,
8/20/26,WSN,,TEX,
8/20/26,LAA,,HOU,
8/21/26,ATL,,MIL,
8/21/26,STL,,PHI,
8/21/26,TBR,,BAL,
8/21/26,TOR,,NYY,
8/21/26,SFG,,BOS,
8/21/26,WSN,,MIA,
8/21/26,NYM,,CWS,
8/21/26,LAA,,TEX,
8/21/26,DET,,KC,
8/21/26,ATH,,HOU,
8/21/26,CLE,,COL,
8/21/26,CIN,,ARI,
8/21/26,MIN,,SDP,
8/21/26,PIT,,LAD,
8/21/26,CHC,,SEA,
8/22/26,TOR,,NYY,
8/22/26,ATL,,MIL,
8/22/26,WSN,,MIA,
8/22/26,STL,,PHI,
8/22/26,TBR,,BAL,
8/22/26,LAA,,TEX,
8/22/26,ATH,,HOU,
8/22/26,NYM,,CWS,
8/22/26,DET,,KC,
8/22/26,CHC,,SEA,
8/22/26,SFG,,BOS,
8/22/26,CIN,,ARI,
8/22/26,CLE,,COL,
8/22/26,MIN,,SDP,
8/22/26,PIT,,LAD,
8/23/26,TBR,,BAL,
8/23/26,STL,,PHI,
8/23/26,TOR,,NYY,
8/23/26,WSN,,MIA,
8/23/26,DET,,KC,
8/23/26,ATH,,HOU,
8/23/26,NYM,,CWS,
8/23/26,LAA,,TEX,
8/23/26,CLE,,COL,
8/23/26,SFG,,BOS,
8/23/26,PIT,,LAD,
8/23/26,CHC,,SEA,
8/23/26,MIN,,SDP,
8/23/26,CIN,,ARI,
8/23/26,ATL,,MIL,
8/24/26,TBR,,DET,
8/24/26,BOS,,MIA,
8/24/26,COL,,WSN,
8/24/26,TEX,,CWS,
8/24/26,CLE,,LAA,
8/24/26,CHC,,ARI,
8/24/26,PIT,,SDP,
8/24/26,MIN,,ATH,
8/24/26,PHI,,SEA,
8/24/26,CIN,,SFG,
8/25/26,TBR,,DET,
8/25/26,BOS,,MIA,
8/25/26,COL,,WSN,
8/25/26,HOU,,NYY,
8/25/26,KC,,TOR,
8/25/26,MIL,,NYM,
8/25/26,LAD,,ATL,
8/25/26,TEX,,CWS,
8/25/26,BAL,,STL,
8/25/26,CLE,,LAA,
8/25/26,CHC,,ARI,
8/25/26,PIT,,SDP,
8/25/26,MIN,,ATH,
8/25/26,PHI,,SEA,
8/25/26,CIN,,SFG,
8/26/26,TBR,,DET,
8/26/26,CHC,,ARI,
8/26/26,CIN,,SFG,
8/26/26,CLE,,LAA,
8/26/26,PIT,,SDP,
8/26/26,PHI,,SEA,
8/26/26,BOS,,MIA,
8/26/26,COL,,WSN,
8/26/26,HOU,,NYY,
8/26/26,KC,,TOR,
8/26/26,MIL,,NYM,
8/26/26,LAD,,ATL,
8/26/26,TEX,,CWS,
8/26/26,BAL,,STL,
8/26/26,MIN,,ATH,
8/27/26,COL,,WSN,
8/27/26,BAL,,STL,
8/27/26,HOU,,NYY,
8/27/26,KC,,TOR,
8/27/26,MIL,,NYM,
8/27/26,LAD,,ATL,
8/27/26,ARI,,SFG,
8/28/26,CIN,,CHC,
8/28/26,LAD,,DET,
8/28/26,MIA,,WSN,
8/28/26,BOS,,NYY,
8/28/26,SEA,,TOR,
8/28/26,KC,,CLE,
8/28/26,HOU,,NYM,
8/28/26,SDP,,TBR,
8/28/26,COL,,ATL,
8/28/26,TEX,,MIL,
8/28/26,CWS,,MIN,
8/28/26,PIT,,STL,
8/28/26,PHI,,LAA,
8/28/26,BAL,,ATH,
8/28/26,ARI,,SFG,
8/29/26,LAD,,DET,
8/29/26,CWS,,MIN,
8/29/26,PIT,,STL,
8/29/26,CIN,,CHC,
8/29/26,SEA,,TOR,
8/29/26,MIA,,WSN,
8/29/26,KC,,CLE,
8/29/26,HOU,,NYM,
8/29/26,SDP,,TBR,
8/29/26,COL,,ATL,
8/29/26,BOS,,NYY,
8/29/26,TEX,,MIL,
8/29/26,BAL,,ATH,
8/29/26,ARI,,SFG,
8/29/26,PHI,,LAA,
8/30/26,MIA,,WSN,
8/30/26,COL,,ATL,
8/30/26,BOS,,NYY,
8/30/26,SEA,,TOR,
8/30/26,KC,,CLE,
8/30/26,LAD,,DET,
8/30/26,SDP,,TBR,
8/30/26,CWS,,MIN,
8/30/26,TEX,,MIL,
8/30/26,PIT,,STL,
8/30/26,CIN,,CHC,
8/30/26,BAL,,ATH,
8/30/26,ARI,,SFG,
8/30/26,PHI,,LAA,
8/30/26,HOU,,NYM,
8/31/26,SDP,,CIN,
8/31/26,NYM,,TBR,
8/31/26,SEA,,BOS,
8/31/26,MIA,,WSN,
8/31/26,DET,,MIN,
8/31/26,MIL,,CHC,
8/31/26,ATH,,TEX,
8/31/26,CWS,,HOU,
8/31/26,BAL,,COL,
8/31/26,NYY,,LAA,
8/31/26,PHI,,ARI,
9/1/26,SDP,,CIN,
9/1/26,SFG,,PIT,
9/1/26,NYM,,TBR,
9/1/26,TOR,,CLE,
9/1/26,SEA,,BOS,
9/1/26,ATL,,WSN,
9/1/26,DET,,MIN,
9/1/26,MIA,,KC,
9/1/26,MIL,,CHC,
9/1/26,ATH,,TEX,
9/1/26,CWS,,HOU,
9/1/26,BAL,,COL,
9/1/26,NYY,,LAA,
9/1/26,PHI,,ARI,
9/1/26,STL,,LAD,
9/2/26,SDP,,CIN,
9/2/26,ATL,,WSN,
9/2/26,ATH,,TEX,
9/2/26,BAL,,COL,
9/2/26,PHI,,ARI,
9/2/26,SEA,,BOS,
9/2/26,SFG,,PIT,
9/2/26,NYM,,TBR,
9/2/26,TOR,,CLE,
9/2/26,DET,,MIN,
9/2/26,MIA,,KC,
9/2/26,MIL,,CHC,
9/2/26,CWS,,HOU,
9/2/26,NYY,,LAA,
9/2/26,STL,,LAD,
9/3/26,SFG,,PIT,
9/3/26,TOR,,CLE,
9/3/26,CWS,,HOU,
9/3/26,BOS,,BAL,
9/3/26,MIA,,KC,
9/3/26,MIL,,CHC,
9/3/26,TBR,,TEX,
9/3/26,ATH,,SEA,
9/3/26,STL,,LAD,
9/4/26,MIL,,CIN,
9/4/26,LAA,,PIT,
9/4/26,ATL,,PHI,
9/4/26,BOS,,BAL,
9/4/26,DET,,CLE,
9/4/26,SFG,,NYM,
9/4/26,CHC,,MIA,
9/4/26,MIN,,CWS,
9/4/26,TBR,,TEX,
9/4/26,ARI,,HOU,
9/4/26,TOR,,KC,
9/4/26,STL,,COL,
9/4/26,NYY,,SDP,
9/4/26,WSN,,LAD,
9/4/26,ATH,,SEA,
9/5/26,SFG,,NYM,
9/5/26,CHC,,MIA,
9/5/26,ATL,,PHI,
9/5/26,LAA,,PIT,
9/5/26,MIL,,CIN,
9/5/26,TBR,,TEX,
9/5/26,TOR,,KC,
9/5/26,MIN,,CWS,
9/5/26,BOS,,BAL,
9/5/26,DET,,CLE,
9/5/26,ARI,,HOU,
9/5/26,STL,,COL,
9/5/26,NYY,,SDP,
9/5/26,WSN,,LAD,
9/5/26,ATH,,SEA,
9/6/26,MIL,,CIN,
9/6/26,ATL,,PHI,
9/6/26,BOS,,BAL,
9/6/26,LAA,,PIT,
9/6/26,DET,,CLE,
9/6/26,SFG,,NYM,
9/6/26,CHC,,MIA,
9/6/26,ARI,,HOU,
9/6/26,MIN,,CWS,
9/6/26,TBR,,TEX,
9/6/26,STL,,COL,
9/6/26,ATH,,SEA,
9/6/26,NYY,,SDP,
9/6/26,TOR,,KC,
9/6/26,WSN,,LAD,
9/7/26,ATL,,PHI,
9/7/26,MIN,,DET,
9/7/26,NYM,,MIA,
9/7/26,LAA,,BOS,
9/7/26,CLE,,BAL,
9/7/26,ARI,,KC,
9/7/26,CHC,,MIL,
9/7/26,WSN,,SDP,
9/7/26,STL,,SFG,
9/7/26,CIN,,LAD,
9/7/26,TOR,,ATH,
9/8/26,CLE,,BAL,
9/8/26,MIN,,DET,
9/8/26,HOU,,PHI,
9/8/26,NYM,,MIA,
9/8/26,LAA,,BOS,
9/8/26,COL,,NYY,
9/8/26,TBR,,ATL,
9/8/26,ARI,,KC,
9/8/26,PIT,,CWS,
9/8/26,CHC,,MIL,
9/8/26,WSN,,SDP,
9/8/26,TEX,,SEA,
9/8/26,TOR,,ATH,
9/8/26,STL,,SFG,
9/8/26,CIN,,LAD,
9/9/26,MIN,,DET,
9/9/26,TOR,,ATH,
9/9/26,STL,,SFG,
9/9/26,WSN,,SDP,
9/9/26,TEX,,SEA,
9/9/26,CLE,,BAL,
9/9/26,HOU,,PHI,
9/9/26,NYM,,MIA,
9/9/26,LAA,,BOS,
9/9/26,COL,,NYY,
9/9/26,TBR,,ATL,
9/9/26,ARI,,KC,
9/9/26,PIT,,CWS,
9/9/26,CHC,,MIL,
9/9/26,CIN,,LAD,
9/10/26,TBR,,ATL,
9/10/26,HOU,,PHI,
9/10/26,TEX,,SEA,
9/10/26,COL,,NYY,
9/10/26,PIT,,CWS,
9/11/26,PIT,,CHC,
9/11/26,COL,,DET,
9/11/26,LAA,,WSN,
9/11/26,NYM,,NYY,
9/11/26,BAL,,TOR,
9/11/26,KC,,BOS,
9/11/26,HOU,,TBR,
9/11/26,LAD,,MIA,
9/11/26,PHI,,ATL,
9/11/26,CIN,,MIL,
9/11/26,CLE,,MIN,
9/11/26,CWS,,STL,
9/11/26,SEA,,ATH,
9/11/26,TEX,,ARI,
9/11/26,SDP,,SFG,
9/12/26,COL,,DET,
9/12/26,NYM,,NYY,
9/12/26,PIT,,CHC,
9/12/26,BAL,,TOR,
9/12/26,LAA,,WSN,
9/12/26,SDP,,SFG,
9/12/26,KC,,BOS,
9/12/26,CLE,,MIN,
9/12/26,LAD,,MIA,
9/12/26,HOU,,TBR,
9/12/26,CIN,,MIL,
9/12/26,PHI,,ATL,
9/12/26,CWS,,STL,
9/12/26,TEX,,ARI,
9/12/26,SEA,,ATH,
9/13/26,KC,,BOS,
9/13/26,LAA,,WSN,
9/13/26,PHI,,ATL,
9/13/26,NYM,,NYY,
9/13/26,BAL,,TOR,
9/13/26,COL,,DET,
9/13/26,HOU,,TBR,
9/13/26,LAD,,MIA,
9/13/26,CLE,,MIN,
9/13/26,CIN,,MIL,
9/13/26,CWS,,STL,
9/13/26,PIT,,CHC,
9/13/26,SEA,,ATH,
9/13/26,TEX,,ARI,
9/13/26,SDP,,SFG,
9/14/26,LAD,,CIN,
9/14/26,CWS,,CLE,
9/14/26,DET,,TOR,
9/14/26,BAL,,NYM,
9/14/26,ATL,,CHC,
9/14/26,NYY,,MIN,
9/14/26,SFG,,STL,
9/14/26,SDP,,COL,
9/14/26,SEA,,LAA,
9/14/26,MIA,,ARI,
9/15/26,LAD,,CIN,
9/15/26,ATH,,TBR,
9/15/26,CWS,,CLE,
9/15/26,MIL,,PIT,
9/15/26,PHI,,WSN,
9/15/26,DET,,TOR,
9/15/26,BAL,,NYM,
9/15/26,ATL,,CHC,
9/15/26,NYY,,MIN,
9/15/26,SFG,,STL,
9/15/26,BOS,,TEX,
9/15/26,KC,,HOU,
9/15/26,SDP,,COL,
9/15/26,SEA,,LAA,
9/15/26,MIA,,ARI,
9/16/26,CWS,,CLE,
9/16/26,SFG,,STL,
9/16/26,NYY,,MIN,
9/16/26,DET,,TOR,
9/16/26,LAD,,CIN,
9/16/26,ATH,,TBR,
9/16/26,MIL,,PIT,
9/16/26,PHI,,WSN,
9/16/26,BAL,,NYM,
9/16/26,ATL,,CHC,
9/16/26,BOS,,TEX,
9/16/26,KC,,HOU,
9/16/26,SDP,,COL,
9/16/26,SEA,,LAA,
9/16/26,MIA,,ARI,
9/17/26,MIL,,PIT,
9/17/26,LAD,,CIN,
9/17/26,ATH,,TBR,
9/17/26,SDP,,COL,
9/17/26,KC,,HOU,
9/17/26,PHI,,NYM,
9/17/26,DET,,CWS,
9/17/26,BOS,,TEX,
9/17/26,MIN,,LAA,
9/18/26,CHC,,CIN,
9/18/26,KC,,PIT,
9/18/26,MIL,,BAL,
9/18/26,ATH,,CLE,
9/18/26,BOS,,TBR,
9/18/26,PHI,,NYM,
9/18/26,DET,,CWS,
9/18/26,TOR,,TEX,
9/18/26,SEA,,COL,
9/18/26,ATL,,HOU,
9/18/26,WSN,,STL,
9/18/26,MIN,,LAA,
9/18/26,MIA,,SDP,
9/18/26,NYY,,ARI,
9/18/26,SFG,,LAD,
9/19/26,MIL,,BAL,
9/19/26,BOS,,TBR,
9/19/26,PHI,,NYM,
9/19/26,ATH,,CLE,
9/19/26,CHC,,CIN,
9/19/26,KC,,PIT,
9/19/26,TOR,,TEX,
9/19/26,ATL,,HOU,
9/19/26,DET,,CWS,
9/19/26,WSN,,STL,
9/19/26,SEA,,COL,
9/19/26,NYY,,ARI,
9/19/26,MIA,,SDP,
9/19/26,SFG,,LAD,
9/19/26,MIN,,LAA,
9/20/26,KC,,PIT,
9/20/26,CHC,,CIN,
9/20/26,ATH,,CLE,
9/20/26,BOS,,TBR,
9/20/26,PHI,,NYM,
9/20/26,ATL,,HOU,
9/20/26,DET,,CWS,
9/20/26,WSN,,STL,
9/20/26,TOR,,TEX,
9/20/26,SEA,,COL,
9/20/26,MIN,,LAA,
9/20/26,SFG,,LAD,
9/20/26,MIA,,SDP,
9/20/26,NYY,,ARI,
9/20/26,MIL,,BAL,
9/21/26,TOR,,BAL,
9/21/26,WSN,,DET,
9/21/26,MIN,,SFG,
9/22/26,TOR,,BAL,
9/22/26,WSN,,DET,
9/22/26,STL,,PIT,
9/22/26,MIL,,PHI,
9/22/26,CLE,,BOS,
9/22/26,TBR,,NYY,
9/22/26,CIN,,ATL,
9/22/26,CWS,,KC,
9/22/26,MIA,,CHC,
9/22/26,NYM,,TEX,
9/22/26,ARI,,COL,
9/22/26,LAA,,ATH,
9/22/26,HOU,,SEA,
9/22/26,MIN,,SFG,
9/22/26,SDP,,LAD,
9/23/26,WSN,,DET,
9/23/26,MIN,,SFG,
9/23/26,TOR,,BAL,
9/23/26,STL,,PIT,
9/23/26,MIL,,PHI,
9/23/26,TBR,,NYY,
9/23/26,CLE,,BOS,
9/23/26,CIN,,ATL,
9/23/26,CWS,,KC,
9/23/26,MIA,,CHC,
9/23/26,NYM,,TEX,
9/23/26,ARI,,COL,
9/23/26,LAA,,ATH,
9/23/26,SDP,,LAD,
9/23/26,HOU,,SEA,
9/24/26,STL,,PIT,
9/24/26,CWS,,KC,
9/24/26,MIA,,CHC,
9/24/26,NYM,,TEX,
9/24/26,ARI,,COL,
9/24/26,MIL,,PHI,
9/24/26,CLE,,BOS,
9/24/26,TBR,,NYY,
9/24/26,CIN,,ATL,
9/24/26,HOU,,ATH,
9/24/26,LAA,,SEA,
9/24/26,SDP,,LAD,
9/25/26,PIT,,DET,
9/25/26,TBR,,PHI,
9/25/26,NYM,,WSN,
9/25/26,BAL,,NYY,
9/25/26,CIN,,TOR,
9/25/26,CHC,,BOS,
9/25/26,ATL,,MIA,
9/25/26,CLE,,KC,
9/25/26,COL,,CWS,
9/25/26,STL,,MIL,
9/25/26,TEX,,MIN,
9/25/26,HOU,,ATH,
9/25/26,ARI,,SDP,
9/25/26,LAA,,SEA,
9/25/26,LAD,,SFG,
9/26/26,PIT,,DET,
9/26/26,CIN,,TOR,
9/26/26,NYM,,WSN,
9/26/26,LAD,,SFG,
9/26/26,TEX,,MIN,
9/26/26,ATL,,MIA,
9/26/26,TBR,,PHI,
9/26/26,BAL,,NYY,
9/26/26,CLE,,KC,
9/26/26,COL,,CWS,
9/26/26,STL,,MIL,
9/26/26,CHC,,BOS,
9/26/26,ARI,,SDP,
9/26/26,HOU,,ATH,
9/26/26,LAA,,SEA,
9/27/26,CHC,,BOS,
9/27/26,NYM,,WSN,
9/27/26,HOU,,ATH,
9/27/26,LAD,,SFG,
9/27/26,TBR,,PHI,
9/27/26,CIN,,TOR,
9/27/26,CLE,,KC,
9/27/26,PIT,,DET,
9/27/26,ARI,,SDP,
9/27/26,LAA,,SEA,
9/27/26,TEX,,MIN,
9/27/26,COL,,CWS,
9/27/26,ATL,,MIA,
9/27/26,STL,,MIL,
9/27/26,BAL,,NYY,
