,P,Mason Albright,L,Albuquerque,Full-Season IL,No
1,INF,Adael Amador,S,Albuquerque,Active,Yes
11,OF,Drew Avans,L,Albuquerque,Active,No
48,P,Collin Baumgartner,R,Albuquerque,Retired,No
56,P,Valente Bellozo,R,Albuquerque,Active,Yes
10,C,Bryant Betancourt,L,Albuquerque,Demoted,No
,P,Jarrod Cande,R,Albuquerque,60-day IL,No
22,OF,Conner Capel,L,Albuquerque,Demoted,No
2,OF,Cole Carrigg,S,Albuquerque,Active,No
62,P,Blas Castaño,R,Albuquerque,Active,Yes
,P,Brayan Castillo,R,Albuquerque,60-day IL,No
24,OF,Charlie Condon,R,Albuquerque,Active,No
30,C,Jose Cordova,R,Albuquerque,Active,No
18,INF,Blaine Crim,R,Albuquerque,Active,Yes
36,P,Stu Flesland III,L,Albuquerque,Active,No
10,C,Braxton Fulford,R,Albuquerque,Active,Yes
26,P,Tanner Gordon,R,Albuquerque,Promoted,Yes
43,P,Mason Green,L,Albuquerque,Active,No
58,P,Seth Halvorsen,R,Albuquerque,Promoted,Yes
59,P,Welinton Herrera,L,Albuquerque,Active,Yes
49,P,Gabriel Hughes,R,Albuquerque,Injured List,Yes
,P,Braxton Hyde,R,Albuquerque,Full-Season IL,No
,RP,Evan Justice,L,Albuquerque,Injured List,No
25,INF,Nic Kent,R,Albuquerque,Active,No
9,C,Andrew Knizner,R,Albuquerque,Active,No
60,P,Adam Laskey,L,Albuquerque,60-day IL,No
5,INF,Nicky Lopez (CHC),L,Albuquerque,Traded,No
12,INF,Vimael Machín,L,Albuquerque,Active,No
,C,Kyle McCann,L,Albuquerque,Injured List,No
53,P,Ryan Miller,R,Albuquerque,Active,No
65,P,Parker Mushinski,L,Albuquerque,Injured List,No
14,P,Carson Palmquist,L,Albuquerque,Active,Yes
61,P,Luis Peralta (STL),L,Albuquerque,Claimed,No
64,P,Sammy Peralta,L,Albuquerque,Promoted,Yes
50,P,Erasmo Ramírez,R,Albuquerque,Active,No
47,INF,Ryan Ritter,R,Albuquerque,Injured List,Yes
27,P,TJ Shook,R,Albuquerque,Active,No
37,P,Carson Skipper,L,Albuquerque,Injured List,No
39,INF,Chad Stevens,R,Albuquerque,Active,No
57,P,Sean Sullivan,L,Albuquerque,Active,No
35,P,Keegan Thompson,R,Albuquerque,Active,No
8,OF,Sterlin Thompson,L,Albuquerque,Promoted,Yes
20,P,Bryson Van Sickle,L,Albuquerque,Demoted,No
13,OF,Zac Veen,L,Albuquerque,Active,Yes
38,P,Patrick Weigel,R,Albuquerque,Active,No
23,P,Jorge Alcala,R,Buffalo,Injured List,No
29,P,Tanner Andrews,R,Buffalo,Active,No
40,P,José Berríos,R,Buffalo,Promoted,Yes
28,P,Jake Bloss,R,Buffalo,60-day IL,Yes
26,P,Brendan Cellucci,L,Buffalo,Active,No
5,OF,Jonatan Clase,S,Buffalo,Active,Yes
43,P,Chad Dallas,R,Buffalo,Active,No
,P,Nic Enright,R,Buffalo,Full-Season IL,No
35,P,Lazaro Estrada,R,Buffalo,Injured List,Yes
48,INF,Tyler Fitzgerald (LAD),R,Buffalo,Traded,No
21,P,Josh Fleming,L,Buffalo,Active,No
21,P,Josh Fleming,L,Buffalo,Promoted,Yes
12,P,Pat Gallagher,R,Buffalo,Active,No
38,C,Adam Hackenberg,R,Buffalo,Demoted,No
37,P,Jesse Hahn,R,Buffalo,Active,No
31,P,Devereaux Harrison,R,Buffalo,Active,No
7,OF,Ismael Munguia,L,Buffalo,Injured List,No
,P,Ryan Jennings,R,Buffalo,Injured List,No
74,OF,Eloy Jiménez,R,Buffalo,Promoted,Yes
15,P,Hayden Juenger,R,Buffalo,Active,No
4,INF,Josh Kasevich,R,Buffalo,Active,No
,P,Travis Kuhn,R,Buffalo,60-day IL,No
66,INF,Rafael Lantigua,R,Buffalo,Active,No
27,P,Chase Lee,R,Buffalo,Active,Yes
33,P,Brendon Little,L,Buffalo,Active,Yes
58,C,Willie MacIver,R,Buffalo,Active,Yes
73,P,Adam Macko,L,Buffalo,Active,Yes
55,P,Joe Mantiply,L,Buffalo,Promoted,Yes
0,INF,Charles McAdoo,R,Buffalo,Active,No
19,INF,Ryan McCarty,R,Buffalo,Active,No
1,INF,Carlos Mendoza,L,Buffalo,Active,No
22,OF,Yohendrick Pinango,L,Buffalo,Promoted,Yes
49,P,Michael Plassmeyer,L,Buffalo,Active,No
24,INF,Josh Rivera,R,Buffalo,Active,No
39,P,Yariel Rodríguez,R,Buffalo,Promoted,Yes
10,P,Grant Rogers,R,Buffalo,Active,No
9,OF,RJ Schreck,L,Buffalo,Active,No
8,C,William Simoneit,R,Buffalo,Active,No
45,C,Alex Stone,R,Buffalo,Demoted,No
3,C,C.J. Stubbs,R,Buffalo,Injured List,No
,P,Ricky Tiedemann,L,Buffalo,Injured List,Yes
2,INF,Riley Tirotta,R,Buffalo,Active,No
16,C,Brandon Valenzuela,S,Buffalo,Promoted,Yes
17,P,CJ Van Eyk,R,Buffalo,Active,No
51,P,Austin Voth,R,Buffalo,Active,No
,P,Trenton Wallace,L,Buffalo,60-day IL,No
36,OF,Je'Von Ward,L,Buffalo,Active,No
,P,Josh Winckowski,R,Buffalo,60-day IL,No
20,P,Trey Yesavage,R,Buffalo,Promoted,Yes
11,INF,Sam Antonacci,L,Charlotte,Promoted,Yes
39,P,Morris Austin,R,Charlotte,Demoted,No
2,INF,Darren Baker,L,Charlotte,Injured List,No
4,OF,Dru Baker,R,Charlotte,Active,No
25,P,Luke Bell,R,Charlotte,Demoted,No
1,INF,William Bergolla Jr.,L,Charlotte,Injured List,No
34,C,Josh Breaux,R,Charlotte,Development List,No
6,INF,Mario Camilletti,L,Charlotte,Active,No
23,P,Jonathan Cannon,R,Charlotte,Active,Yes
15,P,Adisyn Coffey,R,Charlotte,Active,No
5,OF,Caden Connor,L,Charlotte,Active,No
18,P,Jake Curtis,R,Charlotte,Demoted,No
18,P,Tyler Davis,R,Charlotte,Promoted,Yes
43,P,Duncan Davitt,R,Charlotte,Active,Yes
3,INF,Oliver Dunn,L,Charlotte,Active,No
46,P,Brandon Eisert,L,Charlotte,Active,Yes
,INF,Tim Elko,R,Charlotte,60-day IL,No
36,P,Zach Franklin,R,Charlotte,Active,No
9,C,Kaleb Freeman,S,Charlotte,Demoted,No
16,INF,Ryan Galanie,R,Charlotte,Active,No
17,P,Tyler Gilbert,L,Charlotte,Active,Yes
7,INF,Jacob Gonzalez,L,Charlotte,Active,No
38,P,Wikelman González,R,Charlotte,Injured List,Yes
40,P,Riley Gowens,R,Charlotte,Demoted,No
10,OF,Dustin Harris,L,Charlotte,Active,No
14,OF,Austin Hays,R,Charlotte,Promoted,Yes
10,OF,Jarred Kelenic,L,Charlotte,Promoted,Yes
18,P,Jackson Kelley,R,Charlotte,Active,No
27,P,Jordan Leasure,R,Charlotte,Active,Yes
88,C,Korey Lee,R,Charlotte,Active,No
9,INF,Jason Matthews,R,Charlotte,Demoted,No
24,P,Tanner McDougal,R,Charlotte,Injured List,Yes
19,P,Tyson Miller,R,Charlotte,Free Agent,No
14,OF,Braden Montgomery,S,Charlotte,Active,No
44,P,Chris Murphy,L,Charlotte,Active,No
47,P,Shane Murphy,L,Charlotte,Active,No
8,INF,Tanner Murray,R,Charlotte,Promoted,Yes
20,P,Doug Nikhazy (IWA),L,Charlotte,Claimed,No
11,INF,Rikku Nishida,L,Charlotte,Active,No
31,P,Ben Peoples,R,Charlotte,Active,No
14,OF,Everson Pereira,R,Charlotte,Promoted,Yes
49,P,Chase Plymell,R,Charlotte,Active,No
13,C,Drew Romo,S,Charlotte,Promoted,Yes
37,P,David Sandlin,R,Charlotte,Active,Yes
28,P,Garrett Schoenle,L,Charlotte,Active,No
22,P,Noah Schultz,L,Charlotte,Promoted,Yes
26,P,Tyler Schweitzer,L,Charlotte,Promoted,Yes
39,P,Lucas Sims,R,Charlotte,Active,No
33,P,Hagen Smith,L,Charlotte,Active,No
48,P,Shane Smith,R,Charlotte,Injured List,Yes
18,OF,T.J. McCants,L,Charlotte,Demoted,No
12,C,Michael Turner,L,Charlotte,Active,No
30,OF,LaMonte Wade Jr.,L,Charlotte,Active,No
16,P,Jack Young,R,Charlotte,Demoted,No
45,P,Osvaldo Bido,R,Charlotte,Injured List,No
50,P,Franco Aleman,R,Columbus,Active,Yes
29,P,Kolby Allard,L,Columbus,Active,No
26,P,Logan Allen,L,Columbus,Active,Yes
60,P,Pedro Avila,R,Columbus,Active,No
12,INF,Travis Bazzana,L,Columbus,Promoted,Yes
31,INF,Juan Benjamin,S,Columbus,Demoted,No
24,INF,Juan Brito,S,Columbus,Active,Yes
32,P,Tanner Burns,R,Columbus,Active,No
29,P,Jack Carey,R,Columbus,Demoted,No
45,INF,Maick Collado,S,Columbus,Active,No
,P,Aaron Davenport,R,Columbus,60-day IL,No
17,P,Trenton Denholm,R,Columbus,Active,No
22,P,Will Dion,L,Columbus,Active,No
37,P,Jay Driver,R,Columbus,Demoted,No
45,P,Magnus Ellerts,R,Columbus,Demoted,No
27,P,Daniel Espino,R,Columbus,Active,Yes
7,OF,Stuart Fairchild,R,Columbus,Active,No
15,INF,Dayan Frias,S,Columbus,Active,No
48,P,Hunter Gaddis,R,Columbus,Promoted,Yes
10,INF,Angel Genao,S,Columbus,Active,No
65,P,Yorman Gómez,R,Columbus,Injured List,Yes
10,OF,Petey Halpin,L,Columbus,Promoted,Yes
,P,Carlos Hernández,R,Columbus,60-day IL,No
30,P,Codi Heuer,R,Columbus,Promoted,Yes
35,P,Colin Holderman,R,Columbus,Promoted,Yes
6,C,Kody Huff,R,Columbus,Active,No
2,C,Cooper Ingle,L,Columbus,Active,No
31,P,Matt Jachec,R,Columbus,Demoted,No
47,P,Jack Jasiak,R,Columbus,Demoted,No
34,OF,Nolan Jones,L,Columbus,Active,No
1,OF,CJ Kayfus,L,Columbus,Injured List,Yes
37,P,Jack Leftwich,R,Columbus,Active,No
,P,Ben Lively,R,Columbus,60-day IL,No
41,P,Tommy Mace,R,Columbus,Active,No
49,P,Rorik Maltrud,R,Columbus,Active,No
17,P,Izaak Martinez,L,Columbus,Demoted,No
35,P,Sean Matson,R,Columbus,Demoted,No
36,P,Jake Miller,R,Columbus,Active,No
,C,Bo Naylor,L,Columbus,Not Yet Reported,Yes
11,C,Dom Nuñez,L,Columbus,Active,No
16,P,Steven Pérez,L,Columbus,Active,No
46,P,Austin Peterson,R,Columbus,Active,No
65,INF,Kevin Rivas,S,Columbus,Demoted,No
8,INF,Milan Tolentino,L,Columbus,Active,No
12,OF,George Valera,L,Columbus,Active,Yes
40,P,Andrew Walters,R,Columbus,Rehab Assignment,Yes
9,OF,Kahlil Watson,L,Columbus,Active,Yes
44,P,Ryan Webb,L,Columbus,Active,No
17,INF,Nicandro Aybar,S,Durham,Demoted,No
17,P,Hunter Bigge,R,Durham,Promoted,Yes
30,P,Cam Booser,L,Durham,Active,Yes
9,INF,Cooper Bowman,R,Durham,Injured List,No
39,P,Joe Boyle,R,Durham,Rehab Assignment,Yes
6,C,Bryan Broecker,R,Durham,Active,No
37,P,Aaron Brooks,R,Durham,Promoted,Yes
35,OF,Homer Bush Jr.,R,Durham,Active,No
35,P,Chris Clark,R,Durham,Demoted,No
39,P,Garrett Cleavinger,L,Durham,Promoted,Yes
3,INF,Carlos Colmenarez,L,Durham,Active,No
21,P,Alex Cook,R,Durham,Injured List,Yes
60,P,Jonny Cuevas,R,Durham,Demoted,No
39,P,Ty Cummings,R,Durham,Demoted,No
27,INF,Logan Davidson,S,Durham,Active,No
2,INF,Raynel Delgado,L,Durham,Active,No
,C,Logan Driscoll,L,Durham,Injured List,No
65,P,Mason Englert,R,Durham,Active,Yes
65,P,Garrett Gainey,L,Durham,Demoted,No
13,P,Luis Guerrero,R,Durham,Active,No
34,P,Jonathan Heasley,R,Durham,Active,No
5,P,Cam Hill,R,Durham,Active,No
11,P,Brody Hopkins,R,Durham,Active,No
33,P,K.C. Hunt,R,Durham,Active,No
,P,Marcus Johnson,R,Durham,Injured List,No
40,P,Ty Johnson,R,Durham,Active,No
44,OF,Brock Jones,L,Durham,Active,No
16,C,Dom Keegan,R,Durham,Active,Yes
4,INF,Cooper Kinney,L,Durham,Active,No
36,C,Tatem Levins,L,Durham,Active,No
15,P,Andrew Lindsey,R,Durham,Demoted,No
7,OF,Gavin Lux,L,Durham,Promoted,Yes
45,OF,Justyn-Henry Malloy,R,Durham,Active,No
54,P,Trevor Martin,R,Durham,Promoted,Yes
4,OF,Jacob Melton,L,Durham,Injured List,Yes
23,OF,Victor Mesa Jr.,L,Durham,Injured List,Yes
22,INF,Tre' Morgan,L,Durham,Injured List,No
44,OF,Edward Olivares,R,Durham,Free Agent,No
19,P,Evan Reifert,R,Durham,Active,No
26,P,Joe Rock,L,Durham,Active,Yes
37,P,John Rooney,L,Durham,Active,No
24,C,Blake Sabol,L,Durham,Active,No
36,P,Jesse Scholtens,R,Durham,Promoted,Yes
12,P,Chase Solesky,R,Durham,Active,Yes
9,P,Santiago Suarez,R,Durham,Demoted,No
65,P,Edwin Uceta,R,Durham,Promoted,Yes
,P,Brian Van Belle,R,Durham,Full-Season IL,No
,P,Austin Vernon,R,Durham,Injured List,No
31,P,Andrew Wantz,R,Durham,Active,No
28,P,Kodi Whitley,R,Durham,Active,No
17,INF,Carson Williams,R,Durham,Active,Yes
29,P,Logan Workman,R,Durham,Active,No
,P,Daison Acosta,R,El Paso,60-day IL,No
40,P,Jason Adam,R,El Paso,Promoted,Yes
,P,Ty Adcock,R,El Paso,Injured List,No
2,OF,Jase Bowen,R,El Paso,Active,No
57,P,Sean Boyle,R,El Paso,Active,No
41,P,Griffin Canning,R,El Paso,Promoted,Yes
5,INF,Marcos Castañon,R,El Paso,Active,No
32,P,Miguel Cienfuegos,L,El Paso,Active,No
17,P,Omar Cruz,L,El Paso,Demoted,No
4,INF,Clay Dungan,L,El Paso,Active,No
26,C,Rodolfo Durán,R,El Paso,Promoted,Yes
39,P,Jeremiah Estrada,R,El Paso,Promoted,Yes
34,P,Evan Fitterer,R,El Paso,Active,No
43,P,Logan Gillaspie,R,El Paso,Active,No
37,P,Marco Gonzales,L,El Paso,Active,No
39,P,Kyle Hart,L,El Paso,Active,Yes
25,P,Garrett Hawkins,R,El Paso,Active,Yes
,C,Blake Hunt,R,El Paso,60-day IL,No
33,P,Alek Jacob,R,El Paso,Promoted,Yes
,P,José Leclerc,R,El Paso,60-day IL,No
29,P,Yuki Matsui,L,El Paso,Promoted,Yes
7,INF,Mason McCoy,R,El Paso,Active,Yes
52,P,Triston McKenzie,R,El Paso,Development List,No
11,INF,Jose Miranda,R,El Paso,Active,No
10,INF,Nate Mondou,L,El Paso,Development List,No
29,P,David Morgan,R,El Paso,Active,Yes
20,OF,Pablo Reyes,R,El Paso,Active,No
27,OF,Carlos Rodríguez,L,El Paso,Active,No
55,P,Ethan Routzahn,R,El Paso,Active,No
30,OF,Nick Schnell,L,El Paso,Active,No
50,P,JP Sears,L,El Paso,Active,Yes
8,INF,Nick Solak,R,El Paso,Active,No
56,INF,Sung-Mun Song,L,El Paso,Promoted,Yes
15,P,Misael Tamarez,R,El Paso,Active,No
24,INF,Samad Taylor,R,El Paso,Active,No
40,P,Andrew Thurman,R,El Paso,Demoted,No
9,C,Anthony Vilar,L,El Paso,Active,No
36,P,Eli Villalobos,R,El Paso,Injured List,No
54,C,Colton Vincent,R,El Paso,Development List,No
17,INF,Will Wagner,L,El Paso,Active,Yes
39,P,Matt Waldron,R,El Paso,Promoted,Yes
49,P,Jackson Wolf,L,El Paso,Active,No
28,P,Justin Yeager,R,El Paso,Active,No
24,INF,Nacho Alvarez Jr.,R,Gwinnett,Active,Yes
37,OF,José Azocar,R,Gwinnett,Promoted,Yes
12,P,Lucas Braun,R,Gwinnett,Active,No
,P,Blake Burkhalter,R,Gwinnett,Injured List,No
13,C,Jair Camargo,R,Gwinnett,Active,No
59,P,Carlos Carrasco,R,Gwinnett,Active,No
64,INF,Cal Conley,S,Gwinnett,Demoted,No
46,P,Dylan Dodd,L,Gwinnett,Rehab Assignment,Yes
11,OF,Tristin English,R,Gwinnett,Active,No
48,P,Blayne Enlow,R,Gwinnett,Demoted,No
36,P,Didier Fuentes,R,Gwinnett,Promoted,Yes
8,OF,Ben Gamel,L,Gwinnett,Active,No
26,P,Javy Guerra,R,Gwinnett,Active,No
63,P,Ian Hamilton,R,Gwinnett,Active,No
99,P,Hayden Harris,L,Gwinnett,Active,Yes
60,P,Daysbel Hernández,R,Gwinnett,Active,Yes
57,P,Elieser Hernández,R,Gwinnett,Active,No
18,OF,Brewer Hicklen,R,Gwinnett,Active,No
1,INF,Jim Jarvis,L,Gwinnett,Not Yet Reported,Yes
22,P,James Karinchak,R,Gwinnett,Active,No
7,OF,DaShawn Keirsey Jr.,L,Gwinnett,Active,No
,P,Ray Kerr,L,Gwinnett,60-day IL,No
14,INF,Ha-Seong Kim,R,Gwinnett,Promoted,Yes
39,C,Sandy León,S,Gwinnett,Free Agent,No
62,P,Victor Mederos,R,Gwinnett,Active,Yes
43,P,Anthony Molina,R,Gwinnett,Active,Yes
45,P,Rolddy Muñoz,R,Gwinnett,Active,Yes
12,C,Sean Murphy,R,Gwinnett,Promoted,Yes
64,INF,Keshawn Ogans,R,Gwinnett,Demoted,No
65,P,Owen Murphy,R,Gwinnett,Active,No
54,P,Joel Payamps,R,Gwinnett,Active,No
54,P,Martín Pérez,L,Gwinnett,Promoted,Yes
34,P,Anderson Pilar,R,Gwinnett,Active,No
40,P,Austin Pope,R,Gwinnett,Free Agent,No
56,P,JR Ritchie,R,Gwinnett,Promoted,Yes
2,INF,Aaron Schunk,R,Gwinnett,Active,No
61,P,Tayler Scott,R,Gwinnett,Active,No
66,P,Brett Sears,R,Gwinnett,Injured List,No
33,P,Hunter Stratton,R,Gwinnett,Active,Yes
66,P,Spencer Strider,R,Gwinnett,Promoted,Yes
52,INF,Rowdy Tellez,L,Gwinnett,Active,No
,P,Connor Thomas,L,Gwinnett,Injured List,No
64,C,Tyler Tolve,L,Gwinnett,Demoted,No
4,C,Chadwick Tromp,R,Gwinnett,Active,No
14,INF,Luke Waddell,L,Gwinnett,Demoted,No
,P,Jacob Wallace,R,Gwinnett,Demoted,No
5,INF,Luke Williams,R,Gwinnett,Active,No
15,INF,Brett Wisely,L,Gwinnett,Active,No
12,P,Hunter Barco,L,Indianapolis,Active,Yes
19,P,Jarod Bayless,R,Indianapolis,Demoted,No
26,P,Brandan Bidois,R,Indianapolis,Promoted,Yes
25,P,Beau Burrows,R,Indianapolis,Active,No
7,OF,Tyler Callihan,L,Indianapolis,Active,Yes
20,C,Nick Cimillo,R,Indianapolis,Active,No
11,P,Mike Clevinger,R,Indianapolis,Injured List,No
12,OF,Billy Cook,R,Indianapolis,Promoted,Yes
6,P,Michael Darrell-Hicks,R,Indianapolis,Active,No
54,P,Noah Davis,R,Indianapolis,Active,No
49,P,Chris Devenski,R,Indianapolis,Promoted,Yes
37,P,Nick Dombkowski,L,Indianapolis,Active,No
33,P,Wilber Dotel,R,Indianapolis,Active,Yes
44,C,Samuel Escudero,R,Indianapolis,Demoted,No
56,OF,Dominic Fletcher,L,Indianapolis,Injured List,No
43,C,Rafael Flores Jr.,R,Indianapolis,Active,Yes
46,P,Carson Fulmer,R,Indianapolis,Active,No
34,OF,Jhostynxon Garcia,R,Indianapolis,Active,No
1,INF,Konnor Griffin,R,Indianapolis,Promoted,Yes
,P,Ryan Harbin,R,Indianapolis,Injured List,No
40,P,Thomas Harrington,R,Indianapolis,Active,Yes
8,C,Wyatt Hendrie,R,Indianapolis,Free Agent,No
19,OF,P.J. Hilson,R,Indianapolis,Demoted,No
16,INF,Mike Jarvis,R,Indianapolis,Active,No
11,INF,Mitch Jebb,L,Indianapolis,60-day IL,No
2,INF,Termarr Johnson,L,Indianapolis,Active,No
11,P,Jared Jones,R,Indianapolis,Promoted,Yes
57,P,Antwone Kelly,R,Indianapolis,Active,Yes
50,P,Joe La Sorsa,L,Indianapolis,Active,No
53,P,Justin Meis,R,Indianapolis,Active,No
,P,Oddanier Mosqueda,L,Indianapolis,60-day IL,No
59,P,Brandon Neeck,L,Indianapolis,Active,No
13,INF,Endy Rodríguez,S,Indianapolis,Promoted,Yes
24,P,Cam Sanders,R,Indianapolis,Not Yet Reported,Yes
10,P,Jake Shirk,R,Indianapolis,Demoted,No
9,INF,Ronny Simon,S,Indianapolis,Active,No
31,P,Evan Sisk,L,Indianapolis,Promoted,Yes
,P,Sean Sullivan,R,Indianapolis,60-day IL,No
39,P,José Urquidy,R,Indianapolis,Active,Yes
47,INF,Enmanuel Valdez,L,Indianapolis,Active,No
5,OF,Esmerlyn Valdez,R,Indianapolis,Active,Yes
27,INF,Davis Wendzel,R,Indianapolis,Active,No
4,INF,Alika Williams,R,Indianapolis,Active,No
14,INF,Nick Yorke,R,Indianapolis,Promoted,Yes
13,OF,Kevin Alcántara,R,Iowa,Active,Yes
46,P,Javier Assad,R,Iowa,Promoted,Yes
48,P,Charlie Barnes (LAD),L,Iowa,Claimed,No
51,OF,Brett Bateman,L,Iowa,Active,No
34,P,Jace Beck,R,Iowa,Demoted,No
39,P,Tyler Beede,R,Iowa,Development List,Yes
1,INF,Christian Bethancourt,R,Iowa,Active,No
,P,Brandon Birdsell,R,Iowa,60-day IL,No
16,P,Ty Blach,L,Iowa,Active,No
41,P,Matthew Boyd,L,Iowa,Promoted,Yes
,P,Jeff Brigham,R,Iowa,60-day IL,No
12,P,Paul Campbell,R,Iowa,Active,No
11,INF,Hayden Cantrelle,S,Iowa,Demoted,No
25,OF,Dylan Carlson,S,Iowa,Free Agent,No
8,INF,Ben Cowles,R,Iowa,Injured List,No
0,OF,Justin Dean,R,Iowa,Active,Yes
37,P,Kenten Egbert,R,Iowa,Demoted,No
46,P,Tyler Ferguson,R,Iowa,Active,Yes
,P,Kohl Franklin,R,Iowa,60-day IL,No
33,P,Gavin Hollowell,R,Iowa,Active,Yes
47,P,Ryan Jensen,R,Iowa,Active,No
15,INF,Scott Kingery,R,Iowa,Active,No
36,P,Gabe Klobosits,R,Iowa,Active,No
19,P,Zac Leigh,R,Iowa,Active,No
35,P,Luke Little,L,Iowa,Active,Yes
24,INF,Jonathon Long,R,Iowa,Active,No
37,P,Corbin Martin,R,Iowa,Active,No
16,P,Riley Martin,L,Iowa,Promoted,Yes
28,P,Phil Maton,R,Iowa,Promoted,Yes
3,OF,Chas McCormick,R,Iowa,Active,No
6,INF,Owen Miller,R,Iowa,Active,No
9,INF,BJ Murray,S,Iowa,Active,No
32,P,Jack Neely,R,Iowa,60-day IL,No
40,P,Doug Nikhazy,L,Iowa,Active,Yes
38,P,Connor Noland,R,Iowa,Active,No
5,C,Casey Opitz,S,Iowa,Active,No
37,P,Daniel Palencia,R,Iowa,Promoted,Yes
49,P,Luis Peralta,L,Iowa,Active,Yes
20,INF,Pedro Ramírez,S,Iowa,Active,No
27,P,Yacksel Ríos,R,Iowa,Active,No
50,P,Ethan Roberts,R,Iowa,Promoted,Yes
15,P,Ryan Rolison,L,Iowa,Promoted,Yes
28,P,Will Sanders,R,Iowa,Injured List,No
2,P,Tyler Santana,R,Iowa,Demoted,No
11,P,Frankie Scalzo Jr.,R,Iowa,Demoted,No
53,P,Collin Snider,R,Iowa,Active,No
49,P,Trent Thornton,R,Iowa,Promoted,Yes
7,INF,James Triantos,R,Iowa,Active,Yes
21,P,Vince Velasquez,R,Iowa,Active,No
21,P,Vince Velasquez,R,Iowa,Free Agent,No
32,P,Jordan Wicks,L,Iowa,Rehab Assignment,Yes
22,P,Jaxon Wiggins,R,Iowa,Injured List,No
,P,Kyle Wright,R,Iowa,60-day IL,No
4,C,Eric Yang,R,Iowa,Active,No
11,INF,Maximo Acosta,R,Jacksonville,Injured List,Yes
18,P,Garrett Acton (MIN),R,Jacksonville,Traded,No
12,OF,Kemp Alderman,R,Jacksonville,Active,No
1,INF,Jesús Bastidas,R,Jacksonville,Active,No
15,INF,Jacob Berry,S,Jacksonville,Active,No
31,P,Bradley Blalock,R,Jacksonville,Active,Yes
18,P,Zach Brzykcy,R,Jacksonville,Active,No
22,INF,Deyvison De Los Santos,R,Jacksonville,Active,Yes
37,P,Josh Ekness,R,Jacksonville,Not Yet Reported,Yes
3,OF,Matthew Etzel,L,Jacksonville,Active,No
32,P,Dax Fulton,L,Jacksonville,Active,Yes
20,P,Braxton Garrett,L,Jacksonville,Promoted,Yes
26,P,Cade Gibson,L,Jacksonville,Active,Yes
36,P,Ryan Gusto,R,Jacksonville,Active,Yes
10,OF,Heriberto Hernández,R,Jacksonville,Promoted,Yes
9,C,Bennett Hostetler,R,Jacksonville,Active,No
7,OF,Daniel Johnson,L,Jacksonville,Free Agent,No
40,P,Stephen Jones,R,Jacksonville,Active,No
33,P,William Kempner,R,Jacksonville,Active,Yes
7,P,Justin King,L,Jacksonville,Active,No
34,C,Joe Mack,L,Jacksonville,Promoted,Yes
25,INF,Nathan Martorella,L,Jacksonville,Active,No
29,P,Zach McCambley,R,Jacksonville,Active,No
75,P,Evan McKendry,R,Jacksonville,Injured List,No
21,P,Patrick Monteverde,L,Jacksonville,Active,No
11,OF,Christopher Morel,R,Jacksonville,Promoted,Yes
8,INF,Cody Morissette,L,Jacksonville,Active,No
23,INF,Brian Navarreto,R,Jacksonville,Active,No
17,OF,Ethan O’Donnell,L,Jacksonville,Active,No
5,INF,Johnny Olmstead,R,Jacksonville,Active,No
40,P,Luis Palacios,L,Jacksonville,Active,No
10,INF,Graham Pauley,L,Jacksonville,Active,Yes
4,OF,Andrew Pintar,R,Jacksonville,Active,No
35,P,Jack Ralston,R,Jacksonville,Active,No
28,C,Agustín Ramírez,R,Jacksonville,Active,Yes
7,OF,Esteury Ruiz,R,Jacksonville,Promoted,Yes
6,INF,Jared Serna,R,Jacksonville,Active,Yes
19,P,Robby Snelling,L,Jacksonville,Promoted,Yes
11,OF,Kyle Stowers,L,Jacksonville,Promoted,Yes
,RP,Jesus Tinoco,R,Jacksonville,Full-Season IL,No
28,P,Jake Walkinshaw,R,Jacksonville,Injured List,No
24,P,Josh White,R,Jacksonville,Active,Yes
39,P,Thomas White,L,Jacksonville,Active,No
27,P,Tyler Zuber,R,Jacksonville,Active,No
36,P,Elvis Alvarado,R,Las Vegas,Active,Yes
64,P,Nick Anderson,R,Las Vegas,Active,No
3,INF,Euribiel Angeles,R,Las Vegas,Demoted,No
22,P,Mason Barnett,R,Las Vegas,Not Yet Reported,Yes
18,P,Brady Basso,L,Las Vegas,Active,Yes
,P,Blake Beers,R,Las Vegas,60-day IL,No
33,OF,Henry Bolte,R,Las Vegas,Promoted,No
35,P,Ben Bowden,L,Las Vegas,Active,No
32,P,Stevie Emanuels,P,Las Vegas,Active,No
40,P,Joey Estes,R,Las Vegas,Active,Yes
44,P,Tyler Ferguson (CHC),R,Las Vegas,Traded,No
20,INF,Zack Gelof,R,Las Vegas,Promoted,Yes
11,INF,Brett Harris,R,Las Vegas,Not Yet Reported,Yes
31,P,Geoff Hartlieb,R,Las Vegas,Active,No
30,P,Nick Hernandez,R,Las Vegas,Active,No
14,P,Gage Jump,L,Las Vegas,Active,No
49,P,Michael Kelly,R,Las Vegas,Active,Yes
57,P,Brooks Kriske,R,Las Vegas,Promoted,Yes
29,P,Matt Krook,L,Las Vegas,Active,No
47,P,Joel Kuhnel,R,Las Vegas,Promoted,Yes
27,C,Bryan Lavastida,R,Las Vegas,Active,No
12,OF,Cade Marlowe,L,Las Vegas,Active,No
13,INF,Joey Meneses,R,Las Vegas,Active,No
19,P,Luis Morales,R,Las Vegas,Active,Yes
77,P,Kade Morris,R,Las Vegas,Active,No
28,P,Braden Nett,R,Las Vegas,Injured List,Yes
54,P,Eduarniel Núñez (BAL),R,Las Vegas,Traded,No
1,OF,Junior Perez,R,Las Vegas,DFA,No
50,P,Jack Perkins,R,Las Vegas,Promoted,Yes
59,C,CJ Rodriguez,R,Las Vegas,Development List,No
,P,Gustavo Rodriguez,R,Las Vegas,60-day IL,No
5,C,Brian Serven,R,Las Vegas,Active,No
17,INF,Michael Stefanic,R,Las Vegas,Promoted,Yes
51,P,Wander Suero,R,Las Vegas,Active,No
6,INF,Drew Swift,R,Las Vegas,Active,No
8,OF,Colby Thomas,R,Las Vegas,Promoted,Yes
99,P,Yunior Tur,R,Las Vegas,Active,No
4,C,Chad Wallach,R,Las Vegas,Active,No
47,INF,Tommy White,R,Las Vegas,Active,No
84,P,Chen Zhong-Ao Zhuang,R,Las Vegas,Active,No
6,INF,Sergio Alcántara,S,Lehigh Valley,Active,No
,OF,Keaton Anthony,R,Lehigh Valley,Injured List,No
27,P,Kyle Backhus,L,Lehigh Valley,Promoted,Yes
,P,Andrew Bechtold,R,Lehigh Valley,60-day IL,No
0,OF,Steward Berroa,S,Lehigh Valley,Active,Yes
61,P,Jonathan Bowlan,R,Lehigh Valley,Promoted,Yes
,INF,Erick Brito,R,Lehigh Valley,60-day IL,No
54,P,Génesis Cabrera,L,Lehigh Valley,Active,No
69,P,Jean Cabrera,R,Lehigh Valley,Demoted,Yes
00,INF,Christian Cairo,R,Lehigh Valley,Active,Yes
41,P,Ryan Cusick,R,Lehigh Valley,Active,No
12,P,Tucker Davidson,L,Lehigh Valley,Active,No
46,OF,Bryan De La Cruz,R,Lehigh Valley,Active,No
3,OF,Cade Fergus,R,Lehigh Valley,Demoted,No
43,P,Connor Gillispie,R,Lehigh Valley,Full-Season IL,No
48,P,Daniel Harper,R,Lehigh Valley,Active,No
67,P,Jonathan Hernández,R,Lehigh Valley,Active,No
47,P,Nolan Hoffman,R,Lehigh Valley,Active,Yes
61,P,Grant Holman,R,Lehigh Valley,Active,Yes
50,P,Seth Johnson,R,Lehigh Valley,Active,Yes
7,OF,Otto Kemp,R,Lehigh Valley,Active,Yes
48,P,Orion Kerkering,R,Lehigh Valley,Promoted,Yes
29,INF,Carter Kieboom,R,Lehigh Valley,Active,No
25,P,Chuck King,R,Lehigh Valley,Active,No
,C,Mark Kolozsvary,R,Lehigh Valley,60-day IL,No
,OF,Pedro León,R,Lehigh Valley,Injured List,No
56,P,Griff McGarry (LAD),R,Lehigh Valley,Traded,No
24,C,Paul McIntosh,R,Lehigh Valley,Active,No
66,P,John McMillon,R,Lehigh Valley,Active,No
43,P,Michael Mercado,R,Lehigh Valley,Active,No
39,OF,Óscar Mercado,R,Lehigh Valley,Free Agent,No
,INF,Aidan Miller,R,Lehigh Valley,Injured List,No
4,INF,Robert Moore,S,Lehigh Valley,Active,No
,P,Mitch Neunborn,R,Lehigh Valley,Demoted,No
5,INF,Liover Peguero,R,Lehigh Valley,Active,No
23,P,Colin Peluse,R,Lehigh Valley,Demoted,No
27,C,René Pinto,R,Lehigh Valley,Injured List,No
55,P,Alan Rangel,R,Lehigh Valley,Active,Yes
13,OF,Felix Reyes,R,Lehigh Valley,Promoted,Yes
33,P,Trevor Richards,R,Lehigh Valley,Promoted,Yes
16,C,Caleb Ricketts,L,Lehigh Valley,Active,No
,OF,Gabriel Rincones Jr.,L,Lehigh Valley,Injured List,Yes
,P,Daniel Robert,R,Lehigh Valley,60-day IL,No
,INF,José Rodríguez,R,Lehigh Valley,Free Agent,No
39,P,Chase Shugart,R,Lehigh Valley,Promoted,Yes
2,C,Garrett Stubbs,L,Lehigh Valley,Promoted,Yes
45,P,Lenny Torres Jr.,R,Lehigh Valley,Active,No
57,P,Lou Trivino,R,Lehigh Valley,Free Agent,No
44,P,Andrew Walling,L,Lehigh Valley,Injured List,No
45,P,Zack Wheeler,R,Lehigh Valley,Promoted,Yes
18,P,Bryse Wilson,R,Lehigh Valley,Active,No
56,P,Zach Pop,R,Lehigh Valley,Rehab Assignment,Yes
39,P,Julian Aguiar,R,Louisville,Injured List,Yes
60,P,Tejay Antone,R,Louisville,Promoted,Yes
19,INF,Edwin Arroyo,S,Louisville,Active,Yes
11,C,Will Banfield,R,Louisville,Active,No
18,P,Sam Benschoter,R,Louisville,Active,No
22,OF,JJ Bleday,L,Louisville,Promoted,Yes
53,P,Andrew Chafin,L,Louisville,Free Agent,No
4,INF,Michael Chavis,R,Louisville,Active,No
37,P,Davis Daniel,R,Louisville,Active,No
45,P,Hagen Danner,R,Louisville,Active,No
24,OF,Blake Dunn,R,Louisville,Promoted,Yes
32,INF,Christian Encarnacion-Strand (BAL),R,Louisville,Traded,No
50,P,Caleb Ferguson,L,Louisville,Rehab Assignment,Yes
48,P,Jose Franco,R,Louisville,Active,Yes
38,P,Julian Garcia,R,Louisville,Active,No
5,INF,Garrett Hampson,R,Louisville,Active,No
10,C,P.J. Higgins,R,Louisville,Active,No
23,OF,Rece Hinds,R,Louisville,Active,Yes
15,INF,Ivan Johnson,S,Louisville,Active,No
41,P,Trevor Kuncl,R,Louisville,Active,No
31,P,Brandon Leibrandt,L,Louisville,Active,No
20,C,Dayne Leonard,R,Louisville,Active,No
22,P,Nick Lodolo,L,Louisville,Promoted,Yes
16,OF,Noelvi Marte,R,Louisville,Active,Yes
40,P,Yunior Marte,R,Louisville,Active,No
57,P,Zach Maxwell,R,Louisville,Active,Yes
52,P,Darren McCaughan,R,Louisville,Active,No
47,P,Luis Mey,R,Louisville,Promoted,Yes
36,P,Anthony Misiewicz,L,Louisville,Active,No
44,P,Kyle Nicolas,R,Louisville,Active,Yes
17,P,Nate Peterson,L,Louisville,Demoted,No
14,P,Chase Petty,R,Louisville,Active,Yes
7,INF,Dominic Pitelli,L,Louisville,Demoted,No
12,P,Lyon Richardson,R,Louisville,Active,No
,P,Javi Rivera,R,Louisville,Demoted,No
43,OF,Héctor Rodríguez,L,Louisville,Active,Yes
32,P,Nick Sando,L,Louisville,Demoted,No
,P,Carson Spiers,R,Louisville,60-day IL,No
,P,Josh Staumont,R,Louisville,Injured List,No
29,INF,Michael Toglia,S,Louisville,Active,No
13,INF,Francisco Urbaez,R,Louisville,Active,No
3,OF,Mike Antico,L,Memphis,Free Agent,No
27,OF,Joshua Báez,R,Memphis,Active,Yes
41,P,Ian Bedell,R,Memphis,Active,No
13,C,Leo Bernal,S,Memphis,Active,Yes
55,P,Scott Blewett,R,Memphis,Active,No
,P,Alex Cornwell,L,Memphis,Injured List,No
40,C,Jimmy Crooks,L,Memphis,Active,Yes
43,P,Hunter Dobbins,R,Memphis,Active,Yes
64,P,Ryan Fernandez,R,Memphis,Active,Yes
65,P,Richard Fitts,R,Memphis,Full-Season IL,Yes
68,P,Luis Gastelum,R,Memphis,Active,No
44,P,Gordon Graceffo,R,Memphis,Promoted,Yes
35,P,Skylar Hales,R,Memphis,Active,No
73,P,Pete Hansen,L,Memphis,Active,No
7,P,Tink Hence,R,Memphis,Demoted,No
,P,Ixan Henderson,L,Memphis,60-day IL,No
22,INF,Blaze Jordan,R,Memphis,Active,No
5,OF,Matt Koperniak,L,Memphis,Active,No
12,OF,Colton Ledbetter,L,Memphis,Active,No
26,OF,Bligh Madris,L,Memphis,Active,No
39,P,Quinn Mathews,L,Memphis,Active,No
33,P,Brycen Mautz,L,Memphis,Active,No
11,INF,Ramon Mendoza,R,Memphis,Active,No
19,INF,Brody Moore,R,Memphis,Active,No
38,P,Gerson Moreno,R,Memphis,Injured List,No
28,P,Ryan Murphy,R,Memphis,Active,No
8,P,Packy Naughton,L,Memphis,Injured List,No
15,P,Luis Peralta (CHC),L,Memphis,Claimed,No
31,INF,César Prieto,L,Memphis,Promoted,Yes
37,P,Matt Pushard,R,Memphis,Rehab Assignment,Yes
30,P,Max Rajcic,R,Memphis,Active,No
15,P,Nick Raquet (BAL),L,Memphis,Traded,No
48,P,Hancel Rincon,R,Memphis,Active,No
,P,Sem Robberse,R,Memphis,60-day IL,No
,P,Tekoah Roby,R,Memphis,60-day IL,Yes
57,P,Chris Roycroft,R,Memphis,Active,Yes
,INF,Thomas Saggese,R,Memphis,Promoted,Yes
,P,Victor Santos,R,Memphis,60-day IL,No
66,P,Jason Savacool,R,Memphis,Demoted,No
71,P,Jared Shuster,L,Memphis,Promoted,Yes
,P,Zack Thompson,L,Memphis,60-day IL,No
21,OF,Bryan Torres,L,Memphis,Active,Yes
16,OF,Nelson Velázquez,R,Memphis,Active,No
15,INF,Miguel Villarroel,R,Memphis,Active,No
46,P,Cade Winquest,R,Memphis,Injured List,No
29,C,Andy Yerzy,L,Memphis,Active,No
50,P,Bruce Zimmermann,L,Memphis,Active,No
6,OF,Jordyn Adams,R,Nashville,Active,No
53,INF,Luke Adams,R,Nashville,Injured List,No
26,OF,Steward Berroa (PHI),S,Nashville,Claimed,No
5,INF,Tyler Black,L,Nashville,Demoted,Yes
15,P,Kaleb Bowman,R,Nashville,Active,No
,P,J.B. Bukauskas,R,Nashville,Injured List,No
32,P,Will Childers,R,Nashville,Injured List,No
2,OF,Jackson Chourio,R,Nashville,Promoted,Yes
57,P,Joe Corbett,R,Nashville,Demoted,No
56,P,Coleman Crow,R,Nashville,Promoted,Yes
58,P,Shane Drohan,L,Nashville,Promoted,Yes
46,P,Junior Fernández,R,Nashville,Active,No
45,P,Brian Fitzpatrick,L,Nashville,Not Yet Reported,Yes
,P,Gerson Garabito,R,Nashville,60-day IL,No
29,P,Robert Gasser,L,Nashville,Active,Yes
34,P,Logan Henderson,R,Nashville,Promoted,Yes
44,P,Blake Holub,R,Nashville,Active,No
3,OF,Jacob Hurtubise,L,Nashville,Active,No
2,OF,Greg Jones,S,Nashville,Active,No
11,P,Reiss Knehr,R,Nashville,Active,No
13,P,Tate Kuehner,L,Nashville,Active,No
52,OF,Luis Lara,S,Nashville,Active,No
10,INF,Eddys Leonard,R,Nashville,Active,No
5,OF,Luis Matos,R,Nashville,Injured List,No
55,P,Easton McGee,R,Nashville,Active,Yes
1,INF,Ethan Murray,R,Nashville,Active,No
61,C,Andrick Nava,S,Nashville,Demoted,No
26,P,Thomas Pannone,L,Nashville,Active,No
40,P,Sammy Peralta (COL),L,Nashville,Claimed,No
2,OF,Blake Perkins,S,Nashville,Promoted,Yes
9,INF,Cooper Pratt,R,Nashville,Active,Yes
40,P,Quinn Priester,R,Nashville,Promoted,Yes
8,C,Jeferson Quero,R,Nashville,Active,Yes
12,P,Carlos Rodriguez,R,Nashville,Active,Yes
22,C,Ramón Rodríguez,R,Nashville,Active,No
19,P,Drew Rom,L,Nashville,Active,No
51,P,Garrett Stallings,R,Nashville,Active,No
38,P,Peter Strzelecki,R,Nashville,Active,No
6,INF,Jheremy Vargas,R,Nashville,Demoted,No
57,INF,Andrew Vaughn,R,Nashville,Promoted,Yes
35,P,Jacob Waguespack,R,Nashville,Free Agent,No
25,INF,Brock Wilken,R,Nashville,Active,No
7,INF,Jett Williams,R,Nashville,Active,No
21,P,Craig Yoho,R,Nashville,Active,Yes
4,INF,Freddy Zamora,R,Nashville,Active,No
57,P,Rob Zastryzny,L,Nashville,Active,Yes
44,P,Keegan Akin,L,Norfolk,Promoted,Yes
9,C,Silas Ardoin,R,Norfolk,Active,No
2,INF,José Barrero,R,Norfolk,Active,No
1,OF,Enrique Bradfield Jr.,L,Norfolk,Injured List,No
29,P,Trace Bright,R,Norfolk,Active,No
49,P,Jeisson Cabrera,R,Norfolk,Demoted,No
44,P,Hans Crouse,R,Norfolk,Active,No
5,INF,Payton Eeles,L,Norfolk,Active,No
16,INF,Christian Encarnacion-Strand,R,Norfolk,Active,Yes
27,P,Dietrich Enns,L,Norfolk,Promoted,Yes
48,P,Jose Espada,R,Norfolk,Not Yet Reported,Yes
3,OF,Jud Fabian,R,Norfolk,Active,No
33,P,Cameron Foster,R,Norfolk,Active,Yes
59,P,Nestor German,R,Norfolk,Active,No
37,P,Trey Gibson,R,Norfolk,Active,Yes
,P,Keagan Gillies,R,Norfolk,Injured List,No
,P,Richard Guasch,R,Norfolk,60-day IL,No
14,C,Maverick Handley,R,Norfolk,Demoted,No
15,P,Christian Herberholz,R,Norfolk,Demoted,No
23,INF,Maikol Hernández,R,Norfolk,Demoted,No
7,INF,Jackson Holliday,L,Norfolk,Rehab Assignment,Yes
35,C,Sam Huff,R,Norfolk,Active,No
40,P,Andrew Kittredge,R,Norfolk,Promoted,Yes
36,P,Jackson Kowar,R,Norfolk,Injured List,No
63,P,Dean Kremer,R,Norfolk,Promoted,Yes
58,P,Ryan Long,R,Norfolk,Active,No
21,P,Andrew Magno,L,Norfolk,Active,No
56,P,Chayce McDermott (LAD),R,Norfolk,Traded,No
24,INF,Ryan Noda,L,Norfolk,Active,No
43,OF,Jhonkensy Noel,R,Norfolk,Active,No
47,P,Gerald Ogando,R,Norfolk,Active,No
53,P,Enoli Paredes,R,Norfolk,Active,No
,P,Elvis Peguero,R,Norfolk,Full-Season IL,No
17,INF,Fernando Peguero,S,Norfolk,Demoted,No
26,P,Alex Pham,R,Norfolk,Demoted,No
38,P,Cade Povich,L,Norfolk,Promoted,Yes
41,INF,Bryan Ramos,R,Norfolk,Active,No
30,P,Nick Raquet,L,Norfolk,Active,Yes
31,P,Yaqui Rivera,R,Norfolk,Demoted,No
39,OF,Will Robertson,L,Norfolk,Injured List,No
6,OF,Johnathan Rodríguez,R,Norfolk,Active,Yes
51,P,Jayvien Sandridge,L,Norfolk,Injured List,No
27,P,Albert Suárez,R,Norfolk,Active,No
18,OF,Reed Trimble,S,Norfolk,Active,Yes
13,INF,Willy Vasquez,R,Norfolk,Active,No
,INF,Luis Vázquez,R,Norfolk,Injured List,No
20,P,Josh Walker,L,Norfolk,Promoted,Yes
34,P,Levi Wells,R,Norfolk,Active,No
50,P,Tyler Wells,R,Norfolk,Promoted,Yes
28,P,Cameron Weston,R,Norfolk,Active,No
12,C,Creed Willems,L,Norfolk,Active,No
32,OF,Weston Wilson,R,Norfolk,Promoted,Yes
60,P,Brandon Young,R,Norfolk,Promoted,Yes
6,C,Eliezer Alfonzo,S,Oklahoma City,Active,No
22,P,Logan Allen,L,Oklahoma City,Active,No
,P,Yency Almonte,R,Oklahoma City,60-day IL,No
23,P,Charlie Barnes,L,Oklahoma City,Promoted,Yes
50,INF,Mookie Betts,R,Oklahoma City,Promoted,Yes
,INF,David Bote,R,Oklahoma City,Restricted List,No
51,P,Chris Campos,R,Oklahoma City,Injured List,No
36,P,Carlos Duran,R,Oklahoma City,Active,No
24,P,Jake Eder,L,Oklahoma City,Active,Yes
4,OF,Zach Ehrhard,R,Oklahoma City,Active,No
29,P,Jackson Ferris,L,Oklahoma City,Active,No
9,INF,Ryan Fitzgerald,L,Oklahoma City,Active,No
27,INF,Tyler Fitzgerald,R,Oklahoma City,Active,Yes
17,P,Nick Frasso,R,Oklahoma City,Active,No
5,INF,Alex Freeland,S,Oklahoma City,Active,Yes
2,INF,Austin Gauthier,R,Oklahoma City,Active,No
38,P,Paul Gervase,R,Oklahoma City,Not Yet Reported,Yes
,INF,Matt Gorski,R,Oklahoma City,60-day IL,No
43,P,Brusdar Graterol,R,Oklahoma City,Rehab Assignment,Yes
8,INF,Enrique Hernández,R,Oklahoma City,Rehab Assignment,Yes
,INF,Keston Hiura,R,Oklahoma City,Free Agent,No
37,P,Kyle Hurt,R,Oklahoma City,Promoted,Yes
19,P,Cole Irvin,L,Oklahoma City,Active,No
18,P,Antoine Kelly,L,Oklahoma City,Active,No
6,INF,Hyeseong Kim,L,Oklahoma City,Promoted,Yes
53,P,Antonio Knowles,R,Oklahoma City,Injured List,No
57,P,Ronan Kopp,L,Oklahoma City,Active,Yes
56,P,Garrett McDaniels,L,Oklahoma City,Active,No
32,P,Chayce McDermott,R,Oklahoma City,Active,Yes
12,P,Griff McGarry,R,Oklahoma City,Active,No
39,P,Keynan Middleton,R,Oklahoma City,Active,No
7,INF,Noah Miller,S,Oklahoma City,Active,No
23,P,Wyatt Mills,R,Oklahoma City,Promoted,Yes
25,C,Chuckie Robinson,R,Oklahoma City,Active,No
,P,José Rodríguez,R,Oklahoma City,60-day IL,No
45,P,Christian Romero,R,Oklahoma City,Active,No
54,P,Jerming Rosario,R,Oklahoma City,Active,No
35,P,River Ryan,R,Oklahoma City,Active,Yes
11,P,Ryder Ryan,R,Oklahoma City,Injured List,No
15,INF,Nick Senzel,R,Oklahoma City,Free Agent,No
8,OF,Michael Siani,L,Oklahoma City,DFA,No
31,P,Blake Snell,L,Oklahoma City,Promoted,Yes
41,P,Brock Stewart,R,Oklahoma City,Promoted,Yes
,P,Ryan Sublette,R,Oklahoma City,60-day IL,No
14,OF,Jack Suwinski,L,Oklahoma City,Active,No
3,OF,James Tibbs III,L,Oklahoma City,Active,No
10,INF,Ryan Ward,L,Oklahoma City,Active,Yes
21,P,Jordan Weems,R,Oklahoma City,Active,No
33,C,Seby Zavala,R,Oklahoma City,Development List,No
,C,Jorge Alfaro,R,Omaha,Demoted,No
58,P,Luinder Avila,R,Omaha,Promoted,Yes
25,INF,Colton Becker,R,Omaha,Demoted,No
36,P,Ryan Bergert,R,Omaha,Full-Season IL,Yes
37,P,Mason Black,R,Omaha,Active,Yes
55,P,Ethan Bosacker,R,Omaha,Active,No
63,P,Eric Cerantola,R,Omaha,Active,Yes
9,OF,Gavin Cross,L,Omaha,Active,No
64,P,Steven Cruz,R,Omaha,Promoted,Yes
33,P,Jose Cuas,R,Omaha,Active,No
48,C,Elias Díaz,R,Omaha,Promoted,Yes
6,INF,Dustin Dickerson,R,Omaha,Active,No
24,INF,Brandon Drury,R,Omaha,Development List,No
50,P,Carlos Estévez,R,Omaha,Promoted,Yes
44,P,Bailey Falter,L,Omaha,Rehab Assignment,Yes
54,P,Anthony Gose,L,Omaha,Active,No
,P,Tyson Guerrero,L,Omaha,60-day IL,No
61,P,Brandon Johnson,R,Omaha,Demoted,No
16,INF,Connor Kaiser,R,Omaha,Injured List,No
56,P,Stephen Kolek,R,Omaha,Promoted,Yes
22,P,Ben Kudrna,R,Omaha,Injured List,No
12,INF,Nick Loftin,R,Omaha,Promoted,Yes
60,C,Luke Maile,R,Omaha,Active,No
17,C,Elih Marrero,S,Omaha,Active,No
40,P,Chazz Martinez,L,Omaha,Injured List,No
18,INF,Michael Massey,L,Omaha,Promoted,Yes
,P,John Means,L,Omaha,60-day IL,No
26,OF,Kameron Misner,L,Omaha,Active,Yes
34,P,Eli Morgan,R,Omaha,Active,Yes
28,INF,Kevin Newman,R,Omaha,Active,No
47,P,Helcris Olivárez,L,Omaha,Active,No
32,P,Shane Panzini,R,Omaha,Active,No
57,P,Andrew Pérez,L,Omaha,Active,No
53,P,Ryan Ramsey,L,Omaha,Active,No
2,OF,John Rave,L,Omaha,Active,Yes
4,INF,Josh Rojas,L,Omaha,Active,No
41,P,Aaron Sanchez,R,Omaha,Active,No
52,P,Ben Sears,R,Omaha,Active,No
,P,Anthony Simonelli,R,Omaha,60-day IL,No
45,P,Mitch Spence,R,Omaha,Active,Yes
3,OF,Tyler Tolbert,R,Omaha,Active,Yes
21,INF,Abraham Toro,S,Omaha,Active,No
11,C,Luca Tresh,R,Omaha,Active,No
8,OF,Drew Waters,S,Omaha,Active,No
43,P,Beck Way,R,Omaha,Active,No
1,INF,Peyton Wilson,S,Omaha,Injured List,No
59,P,Henry Williams,R,Omaha,Active,No
22,INF,Brett Squires,L,Omaha,Active,No
50,P,Philip Abner,L,Reno,Active,Yes
21,INF,Jacob Amaya,R,Reno,Active,No
,P,Kyle Amendt,R,Reno,Full-Season IL,No
53,P,Roman Angelo,R,Reno,Demoted,No
57,INF,Luken Baker,R,Reno,Active,No
50,INF,Luken Baker,R,Reno,Free Agent,No
50,INF,Luken Baker,R,Reno,Promoted,Yes
58,C,Jeremiah Boyd,R,Reno,Development List,No
38,P,Mitch Bratt,L,Reno,Active,Yes
23,P,Juan Burgos,R,Reno,Active,Yes
49,P,Isaiah Campbell,R,Reno,Active,No
8,P,Gerardo Carrillo,R,Reno,Active,No
13,C,Christian Cerda,R,Reno,Active,No
52,P,John Curtiss,R,Reno,Free Agent,No
14,C,Adrian Del Castillo,L,Reno,Promoted,Yes
30,P,Yilber Díaz,R,Reno,Active,Yes
40,P,Kohl Drake,L,Reno,Active,Yes
16,P,Shawn Dubin,R,Reno,Free Agent,No
9,INF,Jose Fernandez,R,Reno,Promoted,Yes
,P,Junior (MIL) Fernández,R,Reno,Traded,No
35,C,Aramis Garcia,R,Reno,Active,No
36,P,Brandyn Garcia,L,Reno,Promoted,Yes
37,P,Spencer Giesting,L,Reno,Injured List,No
6,INF,LuJames Groover,R,Reno,Active,No
45,P,Thomas Hatch,R,Reno,Active,No
47,P,Tommy Henry,L,Reno,Active,No
56,P,Andrew Hoffmann,R,Reno,Active,Yes
11,OF,Jack Hurley,L,Reno,Development List,No
20,P,Drey Jameson,R,Reno,Active,Yes
27,P,Bryce Jarvis,R,Reno,Active,No
53,P,Merrill Kelly,R,Reno,Promoted,Yes
,P,Derek Law,R,Reno,Injured List,No
18,P,Yu-Min Lin,L,Reno,Active,No
26,INF,Tyler Locklear,R,Reno,Active,No
53,C,Gavin Logan,L,Reno,Demoted,No
62,INF,Ivan Melendez,R,Reno,Free Agent,No
32,C,Matt O'Neill,R,Reno,Demoted,No
54,P,Taylor Rashi,R,Reno,Active,Yes
39,P,Dylan Ray,R,Reno,Active,Yes
59,OF,Kristian Robinson,R,Reno,Active,No
3,INF,Anderdson Rojas,L,Reno,Active,No
41,P,Joe Ross,R,Reno,Active,No
24,INF,Carlos Santana,S,Reno,Rehab Assignment,Yes
9,INF,Danny Serretti,S,Reno,Demoted,No
34,P,Kade Strowd,R,Reno,Active,Yes
7,INF,Tommy Troy,R,Reno,Active,No
4,INF,Luis Urías,R,Reno,Active,No
4,INF,Jesus Valdez,R,Reno,Demoted,No
1,INF,Andrew Velazquez,L,Reno,Active,No
33,OF,A.J. Vukovich,R,Reno,60-day IL,No
48,OF,Ryan Waldschmidt,R,Reno,Promoted,Yes
5,INF,Jean Walters,S,Reno,Demoted,No
16,C,Riley Adams,R,Rochester,Active,No
56,P,Andrew Alvarez,L,Rochester,Promoted,Yes
11,C,Tres Barrera,R,Rochester,Active,No
,P,Tyler Baum,R,Rochester,60-day IL,No
49,P,Chandler Champlain,R,Rochester,Active,No
55,INF,Andrés Chaparro,R,Rochester,Active,Yes
52,P,Riley Cornelio,R,Rochester,Active,Yes
3,OF,Dylan Crews,R,Rochester,Active,Yes
41,P,Shawn Dubin,R,Rochester,Free Agent,No
49,P,Jake Eder (LAD),L,Rochester,Traded,No
23,P,Julian Fernández,R,Rochester,Injured List,Yes
17,C,Harry Ford,R,Rochester,Active,Yes
12,OF,Christian Franklin,R,Rochester,Active,Yes
1,INF,Phillip Glasser,L,Rochester,Active,No
59,P,Trevor Gott,R,Rochester,Active,No
33,P,Andre Granillo,R,Rochester,Active,Yes
55,P,Marquis Grissom Jr.,R,Rochester,Demoted,No
4,OF,Robert Hassell III,L,Rochester,Active,Yes
6,OF,Levi Jordan,R,Rochester,Active,No
54,P,Zak Kent,R,Rochester,Not Yet Reported,Yes
48,P,Andry Lara,R,Rochester,Active,No
7,INF,Trey Lipscomb,R,Rochester,Active,No
28,INF,Matt Mervis,L,Rochester,Free Agent,No
30,P,Bryce Montes de Oca,R,Rochester,Injured List,No
13,INF,Yohandy Morales,R,Rochester,Active,No
54,P,Shinnosuke Ogasawara,L,Rochester,Demoted,No
15,INF,Abimelec Ortiz,L,Rochester,Active,Yes
50,P,Mitchell Parker,L,Rochester,Promoted,Yes
21,P,Zach Penrod,L,Rochester,Active,No
47,P,Luis Perales,R,Rochester,Active,Yes
24,OF,Andrew Pinckney,R,Rochester,Active,No
40,P,Orlando Ribalta,R,Rochester,Promoted,Yes
22,P,Jackson Rutledge (PHI),R,Rochester,Claimed,No
,P,Tyler Schoff,R,Rochester,Injured List,No
37,P,Paxton Schultz,R,Rochester,Promoted,Yes
2,INF,Zack Short (DET),R,Rochester,Traded,No
25,P,Seth Shuman,R,Rochester,Active,No
39,P,Jack Sinclair,R,Rochester,Active,No
10,P,Erik Tolman,L,Rochester,Active,No
32,P,Eddy Yean,R,Rochester,Active,No
9,P,Luke Young,R,Rochester,Active,No
19,P,Dane Acker,R,Round Rock,Active,No
28,P,Robby Ahlstrom,L,Round Rock,Active,No
24,P,Aidan Anderson,R,Round Rock,Injured List,No
39,P,Ben Anderson,R,Round Rock,Active,No
43,P,Carter Baumler,R,Round Rock,Rehab Assignment,Yes
45,P,Austin Bergner,R,Round Rock,Active,No
15,OF,Dairon Blanco,R,Round Rock,Active,No
61,P,Cody Bradford,L,Round Rock,Promoted,Yes
52,P,Ryan Brasier,R,Round Rock,Active,No
2,INF,Jonah Bride,R,Round Rock,Active,No
3,INF,Diego Castillo,R,Round Rock,Active,No
11,INF,Cameron Cauley,R,Round Rock,Active,No
9,OF,Gilberto Celestino,R,Round Rock,Active,No
0,P,Marc Church,R,Round Rock,Active,No
25,P,Gavin Collyer,R,Round Rock,Promoted,Yes
59,P,Jose Corniell,R,Round Rock,Active,Yes
,P,Nabil Crismatt,R,Round Rock,Full-Season IL,No
,P,Declan Cronin,R,Round Rock,60-day IL,No
56,P,Luis Curvelo,R,Round Rock,Rehab Assignment,Yes
54,P,Alexis Díaz,R,Round Rock,Active,No
7,INF,Justin Foscue,R,Round Rock,Promoted,Yes
16,P,Kyle Funkhouser,R,Round Rock,Injured List,No
40,P,Austin Gomber,L,Round Rock,Active,No
55,P,Peyton Gray,R,Round Rock,Promoted,Yes
18,INF,Trevor Hauver,L,Round Rock,Active,No
35,P,Josh Hejka,R,Round Rock,Demoted,No
23,OF,Michael Helman,R,Round Rock,Active,Yes
12,C,Jose Herrera,S,Round Rock,Active,No
47,P,Thomas Ireland,L,Round Rock,Active,No
13,C,Cooper Johnson,R,Round Rock,Active,No
8,C,Willie MacIver (TOR),R,Round Rock,Traded,No
21,INF,Richie Martin Jr.,R,Round Rock,Active,No
,P,Daniel Missaki,R,Round Rock,Full-Season IL,No
36,P,Patrick Murphy,R,Round Rock,60-day IL,No
57,OF,Alejandro Osuna,L,Round Rock,Promoted,Yes
48,P,Michel Otañez,R,Round Rock,Active,Yes
14,INF,Nick Pratto,L,Round Rock,Active,No
44,P,Cal Quantrill,R,Round Rock,Promoted,Yes
66,P,Josh Sborz,R,Round Rock,Development List,No
51,P,Cole Stasio,R,Round Rock,Demoted,No
29,P,Josh Stephan,R,Round Rock,Active,No
31,P,Trey Supak,R,Round Rock,Active,No
30,P,Emiliano Teodo,R,Round Rock,Active,Yes
22,P,Mason Thompson,R,Round Rock,Active,No
3,INF,Tyler Wade,L,Round Rock,Free Agent,No
10,OF,Aaron Zavala,L,Round Rock,Active,No
10,OF,Harrison Bader,R,Sacramento,Promoted,Yes
49,INF,Osleivis Basabe,R,Sacramento,Active,No
56,P,Tristan Beck,R,Sacramento,Promoted,Yes
58,P,Will Bednar,R,Sacramento,Demoted,No
2,OF,Victor Bericoto,R,Sacramento,Active,No
40,P,John Michael Bertrand,L,Sacramento,Active,No
33,P,Spencer Bivens,R,Sacramento,Active,Yes
12,OF,Will Brennan,L,Sacramento,Active,Yes
,INF,Reggie Crawford,L,Sacramento,60-day IL,No
14,INF,Bryce Eldridge,L,Sacramento,Promoted,Yes
12,INF,Tyler Fitzgerald (TOR),R,Sacramento,Traded,No
38,P,Michael Fulmer,R,Sacramento,Active,No
6,INF,Nate Furman,L,Sacramento,Active,No
5,C,Thomas Gavello,L,Sacramento,Active,No
51,OF,Drew Gilbert,L,Sacramento,Promoted,Yes
12,C,Eric Haase,R,Sacramento,Promoted,Yes
54,C,Ty Hanchey,L,Sacramento,Demoted,No
48,P,Trent Harris,R,Sacramento,Active,No
9,P,Sam Hentges,L,Sacramento,Promoted,Yes
51,OF,Turner Hill,L,Sacramento,Active,No
23,INF,Jake Holton,R,Sacramento,Active,No
29,P,Marques Johnson,R,Sacramento,Active,No
34,INF,Buddy Kennedy,R,Sacramento,Active,No
35,P,Seth Lonsway,L,Sacramento,Active,No
,P,Nick Margevicius,L,Sacramento,Injured List,No
75,OF,Grant McCray,L,Sacramento,Active,Yes
19,P,Trevor McDonald,R,Sacramento,Promoted,Yes
59,P,Erik Miller,L,Sacramento,Promoted,Yes
54,C,Zach Morgan,R,Sacramento,Active,No
7,P,Joel Peguero,R,Sacramento,Promoted,Yes
13,C,Logan Porter,R,Sacramento,Active,Yes
28,P,Wilkin Ramos,R,Sacramento,Active,No
10,C,Jesus Rodriguez,R,Sacramento,Promoted,Yes
13,C,Daniel Rogers,L,Sacramento,Demoted,No
32,P,Braxton Roxby,R,Sacramento,Active,No
26,P,Juan Sanchez,L,Sacramento,Active,No
15,P,Gregory Santos,R,Sacramento,Active,Yes
55,P,Carson Seymour,R,Sacramento,Active,Yes
57,P,Dylan Smith,R,Sacramento,Active,Yes
21,C,Daniel Susac,R,Sacramento,Promoted,Yes
46,P,Blade Tidwell,R,Sacramento,Active,Yes
7,P,Ryan Walker,R,Sacramento,Active,Yes
18,P,Carson Whisenhunt,L,Sacramento,Active,Yes
52,P,Nick Zwack,L,Sacramento,Active,No
10,P,Sam Aldegheri,L,Salt Lake,Active,Yes
37,P,Shaun Anderson,R,Salt Lake,Active,No
8,INF,Jeimer Candelario,S,Salt Lake,Active,No
52,P,Brady Choban,R,Salt Lake,Active,No
36,P,Caden Dana,R,Salt Lake,Active,Yes
18,P,Justin Dunn,R,Salt Lake,Active,No
,P,Mason Erla,R,Salt Lake,60-day IL,No
12,P,Mitch Farris,L,Salt Lake,Promoted,Yes
39,P,José Fermin,R,Salt Lake,Promoted,Yes
43,INF,Vaughn Grissom,R,Salt Lake,Promoted,Yes
13,INF,Denzer Guzman,R,Salt Lake,Active,Yes
48,P,Houston Harding,L,Salt Lake,Active,No
16,C,Zach Humphreys,R,Salt Lake,Active,No
32,P,Ryan Johnson,R,Salt Lake,Promoted,Yes
47,P,Nick Jones,L,Salt Lake,Demoted,No
24,INF,Niko Kavadas,L,Salt Lake,Active,No
15,P,Brett Kerry,R,Salt Lake,Active,No
19,P,George Klassen,R,Salt Lake,Active,Yes
43,P,Joey Lucchesi,L,Salt Lake,Active,No
14,OF,Matthew Lugo,R,Salt Lake,Demoted,No
2,INF,Nick Madrigal,R,Salt Lake,Active,No
26,INF,Trey Mancini,R,Salt Lake,Active,No
28,C,Omar Martinez,L,Salt Lake,Active,Yes
1,OF,Wade Meckler,L,Salt Lake,Demoted,No
46,P,Victor Mederos (ATL),R,Salt Lake,Claimed,No
7,INF,Christian Moore,R,Salt Lake,Active,Yes
29,P,Samy Natera Jr.,L,Salt Lake,Active,No
50,P,Kaleb Ort,R,Salt Lake,Active,No
,INF,Kyren Paris,R,Salt Lake,Demoted,No
54,P,Angel Perdomo,L,Salt Lake,Free Agent,No
32,P,Dylan Phillips,L,Salt Lake,Demoted,No
45,P,Nicolo Pinazzi,L,Salt Lake,Demoted,No
3,OF,Nelson Rada,L,Salt Lake,Active,No
17,C,Alberto Rios,R,Salt Lake,Active,No
20,C,Sebastián Rivero,R,Salt Lake,Promoted,Yes
5,INF,Yolmer Sánchez,S,Salt Lake,Active,No
4,P,Nick Sandlin,R,Salt Lake,Promoted,Yes
34,P,Tayler Saucedo,L,Salt Lake,Active,Yes
,P,Hayden Seig,R,Salt Lake,60-day IL,No
22,OF,Jose Siri,R,Salt Lake,Active,No
33,P,Jared Southard,R,Salt Lake,Active,No
41,P,Hunter Strickland,R,Salt Lake,Free Agent,No
9,OF,Chris Taylor,R,Salt Lake,Active,No
46,P,Francis Texido,L,Salt Lake,Demoted,No
57,P,Walbert Ureña,R,Salt Lake,Promoted,Yes
1,P,Najer Victor,R,Salt Lake,Active,No
44,INF,Donovan Walton,L,Salt Lake,Active,No
,P,Blake Weiman,L,Salt Lake,60-day IL,No
25,P,Kirby Yates,R,Salt Lake,Promoted,Yes
35,P,Huascar Ynoa,R,Salt Lake,Active,No
20,P,Brendan Beck,R,Scranton/Wilkes-Barre,Active,Yes
59,P,Jake Bird,R,Scranton/Wilkes-Barre,Promoted,Yes
10,OF,Seth Brown,L,Scranton/Wilkes-Barre,Active,No
95,INF,Oswaldo Cabrera,S,Scranton/Wilkes-Barre,Active,Yes
40,P,Kervin Castro,R,Scranton/Wilkes-Barre,Active,Yes
57,P,Angel Chivilli,R,Scranton/Wilkes-Barre,Promoted,Yes
36,P,Harrison Cohen,R,Scranton/Wilkes-Barre,Active,No
38,P,Carson Coleman,R,Scranton/Wilkes-Barre,Active,No
19,P,Dylan Coleman,R,Scranton/Wilkes-Barre,Active,No
,P,Alexander Cornielle,R,Scranton/Wilkes-Barre,60-day IL,No
6,OF,Kenedy Corona,R,Scranton/Wilkes-Barre,Active,No
33,P,Yovanny Cruz,R,Scranton/Wilkes-Barre,Active,No
58,P,Yerry De los Santos,R,Scranton/Wilkes-Barre,Active,Yes
41,P,Bailey Dees,R,Scranton/Wilkes-Barre,Demoted,No
18,INF,Paul DeJong,R,Scranton/Wilkes-Barre,Free Agent,No
24,OF,Jasson Domínguez,S,Scranton/Wilkes-Barre,Promoted,Yes
21,C,Edinson Duran,R,Scranton/Wilkes-Barre,Active,No
4,OF,Duke Ellis,L,Scranton/Wilkes-Barre,Active,No
51,OF,Yanquiel Fernández,L,Scranton/Wilkes-Barre,Active,No
,P,Luis Garcia,R,Scranton/Wilkes-Barre,Full-Season IL,No
81,P,Luis Gil,R,Scranton/Wilkes-Barre,Injured List,Yes
27,P,Dom Hamel,R,Scranton/Wilkes-Barre,Active,No
32,P,Bradley Hanner,R,Scranton/Wilkes-Barre,Active,No
15,C,Payton Henry,R,Scranton/Wilkes-Barre,Active,No
48,OF,Spencer Jones,L,Scranton/Wilkes-Barre,Promoted,Yes
49,P,Adam Kloffenstein,R,Scranton/Wilkes-Barre,Active,No
44,P,Carlos Lagrange,R,Scranton/Wilkes-Barre,Active,No
3,INF,George Lombard Jr.,R,Scranton/Wilkes-Barre,Active,No
5,OF,Marco Luciano,R,Scranton/Wilkes-Barre,Active,No
,P,Travis MacGregor,R,Scranton/Wilkes-Barre,60-day IL,No
46,INF,Ernesto Martinez Jr.,L,Scranton/Wilkes-Barre,Active,No
29,P,Zach Messinger,R,Scranton/Wilkes-Barre,Active,No
43,P,Rafael Montero,R,Scranton/Wilkes-Barre,Active,No
12,INF,Jonathan Ornelas,R,Scranton/Wilkes-Barre,Active,No
7,INF,Duncan Pastore,R,Scranton/Wilkes-Barre,Demoted,No
55,P,Carlos Rodón,L,Scranton/Wilkes-Barre,Promoted,Yes
22,P,Elmer Rodríguez,R,Scranton/Wilkes-Barre,Active,Yes
25,C,Ali Sánchez,R,Scranton/Wilkes-Barre,Active,No
30,INF,Max Schuemann,R,Scranton/Wilkes-Barre,Promoted,Yes
2,INF,Braden Shewmake (HOU),L,Scranton/Wilkes-Barre,Traded,No
7,INF,Anthony Volpe,R,Scranton/Wilkes-Barre,Promoted,Yes
31,P,Danny Watson,R,Scranton/Wilkes-Barre,Active,No
26,P,Garrett Acton,R,St. Paul,Promoted,Yes
41,P,Travis Adams,R,St. Paul,Active,Yes
21,P,Dan Altavilla,R,St. Paul,Active,No
11,INF,Orlando Arcia,R,St. Paul,Active,No
47,P,Trent Baker,R,St. Paul,Active,No
53,C,David Bañuelos,R,St. Paul,Active,No
39,P,Andrew Bash,R,St. Paul,Active,No
25,P,Matt Bowman,R,St. Paul,Active,No
57,P,John Brebbia,R,St. Paul,Active,No
40,P,Raul Brito,R,St. Paul,Active,No
,P,Matt Canterino,R,St. Paul,60-day IL,No
16,C,Noah Cardenas,R,St. Paul,Active,No
20,P,Ricky Castro,R,St. Paul,Demoted,No
56,P,C.J. Culpepper,R,St. Paul,Active,No
2,INF,Kaelen Culpepper,R,St. Paul,Active,No
33,C,Ian Daugherty,R,St. Paul,Demoted,No
62,OF,Kyler Fedko,R,St. Paul,Active,No
45,P,Kody Funderburk,L,St. Paul,Active,Yes
33,P,Ryan Gallagher,R,St. Paul,Active,No
46,P,Luis García,R,St. Paul,Promoted,Yes
65,INF,Harry Genth,R,St. Paul,Demoted,No
32,OF,Gabriel Gonzalez,R,St. Paul,Active,Yes
43,P,Grant Hartwig,R,St. Paul,Active,No
8,C,Alex Jackson,R,St. Paul,Active,No
23,OF,Walker Jenkins,L,St. Paul,Injured List,No
67,P,Zak Kent (WSN),R,St. Paul,Claimed,No
60,P,John Klein,R,St. Paul,Active,Yes
9,INF,Ryan Kreidler,R,St. Paul,Promoted,Yes
,P,Cory Lewis,R,St. Paul,Injured List,No
33,INF,Royce Lewis,R,St. Paul,Promoted,Yes
46,P,Christian MacLeod,L,St. Paul,Free Agent,No
52,P,Zebby Matthews,R,St. Paul,Promoted,Yes
44,OF,Hendry Mendez,L,St. Paul,Active,No
,P,Julian Merryweather,R,St. Paul,Injured List,No
37,P,Andrew Morris,R,St. Paul,Promoted,Yes
66,P,Mike Paredes,R,St. Paul,Active,No
61,P,Connor Prielipp,L,St. Paul,Promoted,Yes
51,P,Marco Raya,R,St. Paul,Active,Yes
45,P,Christian Roa (BAL),R,St. Paul,Claimed,No
18,OF,Alan Roden,L,St. Paul,Injured List,Yes
4,OF,Emmanuel Rodriguez,L,St. Paul,Injured List,Yes
54,P,Kendry Rojas,L,St. Paul,Promoted,Yes
48,INF,Ben Ross,R,St. Paul,Active,No
67,P,Aaron Rozek,L,St. Paul,Active,No
19,INF,Aaron Sabato,R,St. Paul,Active,No
30,P,Eduardo Salazar,R,St. Paul,Injured List,No
1,INF,Tanner Schobel,R,St. Paul,Active,No
38,P,Drew Smith,R,St. Paul,Active,No
13,INF,Eric Wagaman (NYM),R,St. Paul,Claimed,No
22,INF,CJ Alexander,L,Sugar Land,Active,No
48,P,Jason Alexander,R,Sugar Land,Active,Yes
41,P,Spencer Arrighetti,R,Sugar Land,Promoted,Yes
15,P,Brandon Bielak,R,Sugar Land,Active,No
2,INF,Jax Biggers,L,Sugar Land,Active,No
14,INF,Cavan Biggio,L,Sugar Land,Active,No
51,P,Cody Bolton,R,Sugar Land,Promoted,Yes
25,C,Fernando Caldera,R,Sugar Land,Active,No
38,P,Sam Carlson,R,Sugar Land,Active,No
3,OF,Parker Chavers,L,Sugar Land,Free Agent,No
16,OF,Zach Cole,L,Sugar Land,Promoted,Yes
59,P,Tom Cosgrove,L,Sugar Land,Active,No
65,P,Enyel De Los Santos,R,Sugar Land,Promoted,Yes
9,OF,Zach Dezenzo,R,Sugar Land,Promoted,Yes
,INF,Edwin Díaz,R,Sugar Land,60-day IL,No
55,P,Jose Fleury,R,Sugar Land,Development List,No
68,P,J.P. France,R,Sugar Land,Active,No
61,P,Colton Gordon,L,Sugar Land,Active,Yes
71,P,Josh Hader,L,Sugar Land,Promoted,Yes
33,P,Josh Hendrickson,L,Sugar Land,Active,No
45,P,Tatsuya Imai,R,Sugar Land,Promoted,Yes
5,OF,Daniel Johnson,L,Sugar Land,Active,No
54,P,Michael Knorr,R,Sugar Land,Injured List,No
20,P,Peter Lambert,R,Sugar Land,Promoted,Yes
35,P,Hudson Leach,R,Sugar Land,Demoted,No
40,P,Anthony Maldonado,R,Sugar Land,Active,No
26,P,Joey Mancini,R,Sugar Land,Active,No
31,P,Trey McLoughlin,R,Sugar Land,Demoted,No
46,P,Roddery Muñoz,R,Sugar Land,Active,No
70,P,Jayden Murray,R,Sugar Land,Promoted,Yes
21,INF,James Nelson,R,Sugar Land,Active,No
56,P,Nate Pearson,R,Sugar Land,Rehab Assignment,Yes
30,P,Ethan Pecko,R,Sugar Land,Active,No
29,C,Carlos Pérez,R,Sugar Land,Active,No
64,INF,Reylin Perez,S,Sugar Land,Demoted,No
32,C,Collin Price,R,Sugar Land,Active,No
23,P,Christian Roa (MIN),R,Sugar Land,Claimed,No
23,INF,Tommy Sacco Jr.,S,Sugar Land,Active,No
18,C,César Salazar,L,Sugar Land,Promoted,Yes
49,P,Alimber Santa,R,Sugar Land,Active,No
62,P,Bennett Sousa,L,Sugar Land,Promoted,Yes
13,OF,Kellen Strahm,R,Sugar Land,Active,No
66,OF,Rhylan Thomas,L,Sugar Land,Active,Yes
26,OF,Taylor Trammell,L,Sugar Land,Promoted,Yes
45,P,Miguel Ullola,R,Sugar Land,Active,Yes
12,INF,Riley Unroe,S,Sugar Land,Active,No
52,P,Logan VanWey,R,Sugar Land,Not Yet Reported,Yes
51,P,Ryan Weiss,R,Sugar Land,Active,Yes
10,INF,Shay Whitcomb,R,Sugar Land,Promoted,Yes
50,P,Amos Willingham,R,Sugar Land,Free Agent,No
11,INF,Jack Winkler,R,Sugar Land,Active,No
34,P,Miguel Yajure,R,Sugar Land,Injured List,No
37,P,Brandon McPherson,R,Sugar Land,Active,No
,P,Adbert Alzolay,R,Syracuse,Injured List,No
,P,Justin Armbruester,R,Syracuse,Injured List,No
28,INF,Christian Arroyo,R,Syracuse,Active,No
99,P,Mike Baumann,R,Syracuse,Active,No
2,INF,Vidal Bruján,S,Syracuse,Promoted,Yes
51,P,Nick Burdi,R,Syracuse,Retired,No
67,P,Alex Carrillo,R,Syracuse,Active,Yes
20,INF,Ryan Clifford,L,Syracuse,Active,No
4,INF,Jackson Cluff,L,Syracuse,Active,No
48,P,Bryce Conley,R,Syracuse,Demoted,No
55,P,Xzavion Curry,R,Syracuse,Active,No
54,P,Daniel Duarte,R,Syracuse,Active,No
10,INF,A.J. Ewing,L,Syracuse,Promoted,Yes
62,P,Jordan Geber,R,Syracuse,Demoted,No
56,P,Joey Gerber,R,Syracuse,Active,Yes
64,P,Ofreidy Gómez,R,Syracuse,Development List,No
59,P,Carlos Guzman,R,Syracuse,Demoted,No
65,P,Dan Hammer,R,Syracuse,Demoted,No
33,P,Dakota Hawkins,R,Syracuse,Demoted,No
,P,Kevin Herget,R,Syracuse,60-day IL,No
66,INF,Yonny Hernández,S,Syracuse,Active,No
3,OF,Ji Hwan Bae,L,Syracuse,Active,No
22,P,Luke Jackson,R,Syracuse,Active,No
53,P,Joe Jacques,L,Syracuse,Injured List,No
,INF,Grae Kessinger,R,Syracuse,60-day IL,No
,P,Craig Kimbrel,R,Syracuse,Demoted,No
27,P,Ryan Lambert,R,Syracuse,Active,No
43,P,Nate Lavender,L,Syracuse,Active,No
,P,José Marte,R,Syracuse,Injured List,No
0,INF,Ronny Mauricio,S,Syracuse,Promoted,Yes
1,OF,MJ Melendez,L,Syracuse,Promoted,Yes
32,P,A.J. Minter,L,Syracuse,Rehab Assignment,Yes
7,OF,Nick Morabito,R,Syracuse,Active,Yes
19,OF,Cristian Pache,R,Syracuse,Active,No
50,P,Cionel Pérez,L,Syracuse,Active,No
29,C,Vincent Perozo,L,Syracuse,Demoted,No
,OF,Tommy Pham,R,Syracuse,Demoted,No
60,P,Jonathan Pintaro,R,Syracuse,Active,Yes
12,INF,Jose Rojas,L,Syracuse,Injured List,No
30,C,Ben Rortvedt,L,Syracuse,Active,No
68,P,Dylan Ross,R,Syracuse,Active,Yes
45,P,Christian Scott,R,Syracuse,Promoted,Yes
6,C,Hayden Senger,R,Syracuse,Promoted,Yes
39,P,Anderson Severino,L,Syracuse,Active,No
,P,Robert Stock,R,Syracuse,60-day IL,No
59,P,Joander Suarez,R,Syracuse,Demoted,No
,OF,Mike Tauchman,L,Syracuse,Injured List,No
26,P,Zach Thornton,L,Syracuse,Active,No
21,P,Jonah Tong,R,Syracuse,Active,Yes
9,C,Onix Vega,R,Syracuse,Demoted,No
2,INF,Kevin Villavicencio,R,Syracuse,Demoted,No
40,P,Brandon Waddell,L,Syracuse,Active,No
32,INF,Eric Wagaman,R,Syracuse,Active,No
34,P,Austin Warren,R,Syracuse,Promoted,Yes
58,P,Jack Weisenburger,R,Syracuse,Active,No
49,P,Jack Wenninger,R,Syracuse,Active,No
58,INF,Trace Willhoite,R,Syracuse,Demoted,No
38,P,Tanner Witt,R,Syracuse,Demoted,No
0,INF,Ryan Bliss,R,Tacoma,Active,Yes
3,P,Blas Castaño (COL),R,Tacoma,Claimed,No
0,INF,J.P. Crawford,L,Tacoma,Promoted,Yes
20,OF,Brennen Davis,R,Tacoma,Active,No
10,OF,Colin Davis,R,Tacoma,Active,No
31,P,Jhonathan Díaz,L,Tacoma,Active,No
14,P,Randy Dobnak,R,Tacoma,Active,No
33,P,Dane Dunning,R,Tacoma,Active,No
6,INF,Colt Emerson,L,Tacoma,Active,Yes
46,P,Nick Garcia,R,Tacoma,Active,No
49,P,Domingo Gonzalez,R,Tacoma,Promoted,Yes
12,P,Alex Hoppe,R,Tacoma,Promoted,Yes
47,P,Nick Hull,R,Tacoma,Active,No
23,OF,Connor Joe,R,Tacoma,Promoted,Yes
47,P,Austin Kitchen,L,Tacoma,Full-Season IL,No
4,OF,Victor Labrada,L,Tacoma,Active,No
45,P,Casey Lawrence,R,Tacoma,Active,No
35,INF,Alejo Lopez,S,Tacoma,Active,No
,P,Ryan Loutos,R,Tacoma,Free Agent,No
58,INF,Miles Mastrobuoni,L,Tacoma,Promoted,Yes
38,P,Gunner Mayer,R,Tacoma,Active,No
58,P,Bryce Miller,R,Tacoma,Promoted,Yes
21,P,Gabe Mosser,R,Tacoma,Active,No
,C,Jacob Nottingham,R,Tacoma,Development List,No
44,C,Brian O'Keefe,R,Tacoma,Active,No
13,P,Robinson Ortiz,L,Tacoma,Active,Yes
9,OF,Spencer Packard,L,Tacoma,Injured List,No
15,C,Jhonny Pereda,R,Tacoma,Promoted,Yes
27,C,Jakson Reetz,R,Tacoma,Active,No
3,OF,Victor Robles,R,Tacoma,Rehab Assignment,Yes
8,INF,Brock Rodden,S,Tacoma,Active,No
19,P,Houston Roth,R,Tacoma,Active,No
36,P,Michael Rucker,R,Tacoma,Active,No
18,INF,Axel Sanchez,R,Tacoma,Demoted,No
34,P,Josh Simpson,L,Tacoma,Not Yet Reported,Yes
1,INF,Carson Taylor,L,Tacoma,Active,No
59,P,Troy Taylor,R,Tacoma,Active,Yes
2,OF,Rhylan Thomas (HOU),L,Tacoma,Claimed,No
37,P,Brendan White,R,Tacoma,Active,No
29,P,Cole Wilcox,R,Tacoma,Active,Yes
18,INF,Will Wilson,R,Tacoma,Promoted,Yes
30,INF,Hogan Windish,R,Tacoma,Active,No
16,INF,Patrick Wisdom,R,Tacoma,Rehab Assignment,Yes
25,P,Yosver Zulueta,R,Tacoma,Active,Yes
No.,Pos.,Name,B/T,Team,Status,40-man
23,INF,Max Anderson,R,Toledo,Active,No
,P,Phil Bickford,R,Toledo,Free Agent,No
4,INF,Max Burt,R,Toledo,Active,No
3,OF,Max Clark,L,Toledo,Active,No
,INF,Danandres Colon,S,Toledo,60-day IL,No
0,OF,Trei Cruz,S,Toledo,Injured List,No
59,P,Yoniel Curet,R,Toledo,Active,No
,P,Dugan Darnell,R,Toledo,60-day IL,No
41,P,Enmanuel De Jesus,L,Toledo,Promoted,Yes
30,INF,Paul DeJong,R,Toledo,Active,No
65,P,Carl Edwards Jr.,R,Toledo,Active,No
45,P,Scott Effross,R,Toledo,Active,No
37,P,Dylan File,R,Toledo,Active,No
33,OF,Tyler Gentry,R,Toledo,Active,No
39,P,Sawyer Gipson-Long,R,Toledo,Active,Yes
46,P,Woo-Suk Go,R,Toledo,Active,No
24,P,Sean Guenther,L,Toledo,Injured List,No
29,P,Brenan Hanifee,R,Toledo,Promoted,Yes
58,P,Grant (PHI) Holman,R,Toledo,Claimed,No
,P,Preston Howey,R,Toledo,Injured List,No
51,P,Sean Hunley,R,Toledo,Demoted,No
13,OF,Corey Julks,R,Toledo,Active,No
2,INF,Jace Jung,L,Toledo,Active,Yes
55,INF,Hao-Yu Lee,R,Toledo,Promoted,Yes
36,P,Jack Little,R,Toledo,Active,No
18,P,Lael Lockhart,L,Toledo,Demoted,No
21,P,Ty Madden,R,Toledo,Promoted,Yes
22,OF,Ben Malgeri,R,Toledo,Active,No
26,P,Tyler Mattison,R,Toledo,Active,No
5,INF,Zach McKinstry,L,Toledo,Promoted,Yes
,P,Jake Miller,L,Toledo,Injured List,Yes
16,P,Keider Montero,R,Toledo,Promoted,Yes
,P,Tim Naughton,R,Toledo,Free Agent,No
11,INF,Andrew Navigato,R,Toledo,Active,No
9,C,Tomás Nido,R,Toledo,Active,No
,P,Tyler Owens,R,Toledo,Demoted,No
64,P,Carlos Peña,L,Toledo,Demoted,No
5,OF,Wenceel Pérez,S,Toledo,Promoted,Yes
43,P,Konnor Pilkington,L,Toledo,Active,No
,P,Colin Poche,L,Toledo,Free Agent,No
17,P,Tanner Rainey,R,Toledo,Active,No
12,INF,Luke Ritter,R,Toledo,Active,No
,P,Joe Ruzicka,R,Toledo,60-day IL,No
32,P,Bryan Sammons,L,Toledo,Active,No
20,P,Matt Seelinger,R,Toledo,Active,No
60,INF,Zack Short,R,Toledo,Promoted,Yes
60,P,Eric Silva,R,Toledo,Demoted,No
50,P,Burch Smith,R,Toledo,Promoted,Yes
44,P,Drew Sommers,L,Toledo,Active,Yes
6,OF,Cal Stevenson,L,Toledo,Active,No
5,P,Luke Taggart,R,Toledo,Demoted,No
28,C,Eduardo Valencia,R,Toledo,Active,Yes
30,P,Ricky Vanasco,R,Toledo,Not Yet Reported,Yes
31,P,Cole Waites,R,Toledo,Demoted,No
35,P,Troy Watson,R,Toledo,Active,No
14,INF,Gage Workman,L,Toledo,Promoted,Yes
8,P,Nick Sandlin,R,Toledo,Active,No
67,P,Jack Anderson,R,Worcester,Active,Yes
41,P,Angel Bastardo,R,Worcester,Active,No
44,P,Jake Bennett,L,Worcester,Active,Yes
,P,Osvaldo Berrios,R,Worcester,60-day IL,No
31,P,Raymond Burgos,L,Worcester,Active,No
20,INF,Kristian Campbell,R,Worcester,Active,Yes
13,INF,Vinny Capra,R,Worcester,Active,No
24,OF,Allan Castro,S,Worcester,Active,No
12,INF,Tsung-Che Cheng,L,Worcester,Active,Yes
60,P,Isaac Coffey,R,Worcester,Active,No
50,P,Kutter Crawford,R,Worcester,Promoted,Yes
21,C,Jason Delay,R,Worcester,Active,No
18,OF,Nate Eaton,R,Worcester,Active,Yes
64,P,Cade Feeney,R,Worcester,Active,No
,OF,Matt Fraizer,L,Worcester,60-day IL,No
38,P,Alec Gamboa,L,Worcester,Active,Yes
11,INF,Mickey Gasper,S,Worcester,Promoted,Yes
55,P,Tayron Guerrero,R,Worcester,Active,No
,P,Hobie Harris,R,Worcester,60-day IL,No
33,C,Nathan Hickey,L,Worcester,Active,No
48,P,Tommy Kahnle,R,Worcester,Active,No
32,P,Kyle Keller,R,Worcester,Active,No
37,P,Zack Kelly,R,Worcester,Promoted,Yes
29,INF,Matt Lloyd,L,Worcester,Active,No
51,P,Seth Martinez,R,Worcester,Active,No
,C,Juan Montero,R,Worcester,Development List,No
53,P,Wyatt Olds,R,Worcester,Active,No
,P,Jedixson Paez,R,Worcester,Demoted,No
43,P,Eduardo Rivera,L,Worcester,Active,Yes
65,P,Erik Rivera,L,Worcester,Demoted,No
,INF,Brendan Rodgers,R,Worcester,Full-Season IL,No
7,INF,Mikey Romero,L,Worcester,Active,No
61,P,Tyler Samaniego,L,Worcester,Promoted,Yes
41,P,Patrick Sandoval,L,Worcester,Promoted,Yes
5,P,Michael Sansone,L,Worcester,Demoted,No
52,INF,Anthony Seigler,L,Worcester,Active,Yes
54,P,Reidis Sena,R,Worcester,Demoted,No
40,P,T.J. Sikkema,L,Worcester,60-day IL,No
62,P,Justin Slaten,R,Worcester,Promoted,Yes
49,INF,Nick Sogard,S,Worcester,Active,Yes
35,P,Noah Song,R,Worcester,Active,No
17,P,Devin Sweet,R,Worcester,Active,No
25,C,Matt Thaiss,L,Worcester,Active,No
46,P,Payton Tolle,L,Worcester,Promoted,Yes
15,P,Tyler Uberstine,R,Worcester,Injured List,Yes
,P,Caden Vire,L,Worcester,60-day IL,No
3,OF,Braiden Ward,L,Worcester,Active,No
47,P,Jacob Webb,R,Worcester,Active,No
58,P,Jason Foley,R,Sacramento,Rehab Assignment,Yes
56,INF,Victor Duarte,R,El Paso,Active,No
33,OF,Dylan Carlson,S,Lehigh Valley,Active,No
4,P,Beau Brieske,R,Toledo,Rehab Assignment,Yes
38,P,Jackson Rutledge,R,Lehigh Valley,Active,Yes
51,P,Christian Roa,R,Norfolk,DFA,No
16,P,Connor Seabold,R,Toledo,Promoted,Yes
52,OF, Matt Rudick,L,Syracuse,Active,No
8,C,Kyle Teel,L,Charlotte,Rehab Assignment,Yes
14,C,Logan O'Hoppe,R,Salt Lake,Rehab Assignment,Yes
19,P,Max Lazar,R,Lehigh Valley,Rehab Assignment,Yes
11,OF,Heston Kjerstad,L,Norfolk,Rehab Assignment,Yes
55,P,Chris Martin,R,Round Rock,Rehab Assignment,Yes
,C,Lou Albrecht,R,Lehigh Valley,Development List,No
39,P,Levi Stoudt,R,Lehigh Valley,Active,No
7,INF,Colby Holter,L,Las Vegas,Active,No
41,P,Fernando Sanchez,L,El Paso,Active,No
16,OF,Jared Dickey,L,Las Vegas,Active,No
14,C,Drew Cavanaugh,L,Sacramento,Active,No
44,INF,Joshua Kuroda-Grauer,R,Las Vegas,Active,No
50,P,Troy Melton,R,Toledo,Rehab Assignment,Yes
9,INF,Tony Santa Maria,R,Durham,Active,No
19,INF,Shawn Ross,R,Indianapolis,Active,No
10,INF,Aeverson Arteaga,R,Sacramento,Active,No
23,P,Jeff Criswell,R,Albuquerque,Rehab Assignment,Yes
13,OF,Matt Wallner,L,St. Paul,Active,Yes
58,P,Matt Brash,R,Tacoma,Rehab Assignment,Yes
50,P,Holden Powell,R,Rochester,Active,No
26,P,David Davalillo,R,Round Rock,Active,No
38,P,Tegan Cain,R,Lehigh Valley,Active,No
58,OF,Akil Baddoo,L,Nashville,Rehab Assignment,Yes
21,OF,Brayan Buelvas,R,Las Vegas,Active,No
27,C,Eric Martinez,R,Nashville,Active,No
49,P,Hunter Parks,R,Louisville,Active,No
51,P,Matt Turner,L,Syracuse,Active,No
,P,Eduarniel Núñez,R,Norfolk,Not Yet Reported,Yes
,INF,Andy Ibáñez,R,Syracuse,Not Yet Reported,No
6,C,Kevin Parada,R,Syracuse,Active,No
,INF,Christian Koss,R,Sacramento,Not Yet Reported,Yes
62,P,Will Vest,R,Toledo,Rehab Assignment,Yes
